date,oid,title,content,content_url
20221210,022,‘최측근’ 정진상 기소에… 이재명 “법정서 무고함 밝혀질 것”,"2억4000만원 뇌물 수수 등 혐의 구속 이후 수수액 1억원 더 늘어 검찰이 더불어민주당 이재명 대표의 복심인 정진상 전 당대표 정무조정실장을 9일 재판에 넘겼다. 이 대표에 대한 수사가 임박했다는 관측이 나오지만 검찰은 이 대표를 피의자 신분으로 전환하진 않은 상태다.  



   이재명 더불어민주당 대표가 9일 오후 서울 여의도 국회에서 의원총회를 마친 후 취재진에게 정진상 대표실 정무조정실장 구속기소 관련 입장을 말하고 있다. 뉴스1    서울중앙지검 반부패수사1부(부장검사 엄희준)는 이날 정 전 실장을 부패방지법 위반, 특정범죄가중처벌법상 뇌물, 부정처사후수뢰, 증거인멸교사 혐의로 구속 기소했다.     정 전 실장은 2013년 2월∼2020년 10월 성남시 정책비서관과 경기도 정책실장을 하며 대장동·위례신도시 개발 사업과 경기관광공사 사업 관련 편의를 제공하는 대가로 유동규 전 경기관광공사 사장에게 7차례에 걸쳐 2억4000만원을 수수한 혐의를 받는다. 지난달 19일 구속 이후 추가 수사로 뇌물 수수액 1억원이 추가됐다.  그는 2013년 7월∼2018년 1월 성남시·성남도시개발공사 관련 직무상 비밀을 이용해 대장동 개발 민간업자들이 위례신도시 사업자로 선정되게 하고, 호반건설이 시행·시공하게 해 개발 수익 210억원 상당을 취득하게 한 혐의도 받는다. 지난해 2월 대장동 일당에게 배당 이익 428억원을 약속받고, 같은 해 9월 유씨에게 휴대전화를 버리라고 해 증거인멸을 교사한 혐의도 있다.  유씨도 정 전 실장에게 2019∼2020년 뇌물 6000만원을 공여하고, 증거를 인멸한 혐의로 불구속 기소됐다.  검찰은 약 33쪽의 공소장에 정 전 실장과 이 대표의 공모 관계를 적시하지 않았다. 또 ‘정치적 공동체’ 대신, 이 대표가 공언했던 ‘정치적 동지’와 ‘측근’이란 표현으로 두 사람 관계를 특정했다. 검찰 관계자는 “이 대표는 피고발인 신분이고 대장동·위례신도시 관련 의혹 전반에 대해 수사를 계속해 나가겠다”고 밝혔다.  



   정진상 더불어민주당 대표실 정무조정실장. 연합뉴스    정 전 실장 측은 “유동규와 대질조사를 요청했으나 검찰은 들어주지 않았고, 유동규의 바뀐 진술과 남욱 등의 전문진술을 근거로 기소했다”며 “법원에 호소해 무죄 선고를 받겠다”는 입장을 밝혔다. 이 대표는 “법정에서 진실이 가려지고 무고함이 밝혀질 것으로 믿는다”고 말했다. 민주당은 이날 정 전 실장의 사의를 수리했다.  남욱 변호사는 이날 대장동 재판에서 김만배씨가 “이재명 시장과 한배를 탔다” 등의 말로 회유했다고 주장했다.




박진영·박미영·박지원 기자




기자 프로필




















박진영 기자






구독


구독중





구독자 0




응원수
0









檢 “서훈, 비난 피하려 ‘서해 공무원 피격’ 은폐” 결론… 文 수사할까


이재명 조여가는 檢… ‘李 복심’ 정진상 기소























박미영 기자






구독


구독중





구독자 0




응원수
0







안녕하세요. 사회부 법조팀을 담당하고 있습니다.




檢 ""문제 알고 시험 본 것과 같아""… 유동규, ‘위례 공모 특혜’ 혐의 인정


이재명 조여가는 檢… ‘李 복심’ 정진상 기소























박지원 기자






구독


구독중





구독자 0




응원수
0







당신의 오늘에 뉴스를 지원합니다.




정부 강공모드에 속속 업무복귀…12개 항만 물동량 회복세 [화물연대 파업]


법인세·이상민 해임안에 ‘발목’… 예산안 회기 내 처리 첫 불발







세계일보의 구독 많은 기자


세계일보 기사를 더 보고 싶다면?
								구독

세계일보 언론사 구독되었습니다. 메인 뉴스판에서 세계일보 주요뉴스를  볼 수 있습니다.
보러가기


세계일보 언론사 구독 해지되었습니다.


닫기








Copyright ⓒ 세계일보. All rights reserved. 무단 전재 및 재배포 금지.

 
이 기사는 언론사에서 사회 섹션으로 분류했습니다.

기사 섹션 분류 안내
기사의 섹션 정보는 해당 언론사의 분류를 따르고 있습니다. 언론사는 개별 기사를 2개 이상 섹션으로 중복 분류할 수 있습니다.
닫기











구독
메인에서 바로 보는 언론사 편집 뉴스 지금 바로 구독해보세요!


구독중
메인에서 바로 보는 언론사 편집 뉴스 지금 바로 확인해보세요! 보러가기












			주요뉴스해당 언론사에서 선정하며 언론사 페이지(아웃링크)로 이동해 볼 수 있습니다.


전여친 계좌에 1원씩 120차례 송금한 30대 '집유'
""MBC 기자 예의 없다더니… 슬리퍼 신고 다리 꼰 김건희"" 외교 결례 지적, 알고 보니
""아직도 전화번호 못 지워"" 은지원, 세상 떠난 父 그리움에 눈물도
'황희찬 브라톱' 따라한 유병재에 축구협회가 남긴 댓글
'환자 마취 뒤 성관계' 의사, 성범죄는 무죄








이 기사를 추천합니다


기사 추천은 24시간 내 50회까지 참여할 수 있습니다.
닫기






쏠쏠정보
0




흥미진진
0




공감백배
0




분석탁월
0




후속강추
0


 




 












모두에게 보여주고 싶은 기사라면?beta

이 기사를 추천합니다 버튼을 눌러주세요.  집계 기간 동안 추천을 많이 받은 기사는 네이버 자동 기사배열 영역에 추천 요소로 활용됩니다.

레이어 닫기


 


세계일보 언론사홈 바로가기


 

언론사 구독 후 기사보기



구독 없이 계속 보기",https://n.news.naver.com/mnews/article/022/0003762956
20221210,022,법·원칙 앞에 화물연대 총파업 철회… 안전운임제도 일몰 위기,"운송 거부 15일 만에 종료조합원 투표 61.8%가 ‘찬성’ 논란의 안전운임제 연장안 원희룡 “무효 된 것” 선그어 민주당선 단독 개정안 처리전국민주노동조합총연맹 공공운수노조 화물연대가 9일 총파업을 철회하고 업무에 복귀하기로 했다. 지난달 24일 집단 운송 거부에 돌입한 지 15일 만이다. 그러나 산업 피해가 작지 않은 데다 정부가 화물연대 측에 책임을 묻겠다고 밝혀 후폭풍은 당분간 이어질 전망이다.  



  농성장 철거하는 화물연대 민주노총 공공운수노조 화물연대가 총파업을 시작한 지 15일 만인 9일 파업을 종료하기로 하면서 조합원들이 충남 당진시 현대글로비스 앞에 설치했던 농성장을 철거하고 있다. 업무개시명령 발동 등 원칙을 강조한 정부의 강경 대응으로 파업 동력이 떨어지면서 이날 파업종료 조합원 찬반투표는 찬성 61.84%로 가결됐다. 당진=뉴스1    화물연대는 9일 오전 전국 16개 지역본부에서 전 조합원을 대상으로 ‘총파업 종료 찬반 투표’를 진행한 결과 파업을 종료하기로 결정했다고 밝혔다. 투표에는 조합원 2만6144명 중 3574명(13.67%)이 참여했고, 이중 2211명(61.82%)이 파업 종료에 찬성하고 1343명(37.55%)이 반대했다.  조합원 3200여명인 화물연대 부산본부는 투표에 참여하지 않고 업무에 복귀하기로 결정했다. 경남본부는 60.24%, 광주본부는 63%, 대구경북본부는 61.5%가 파업 종료에 찬성표를 던졌다. 화물연대는 “각 지역본부별로 해단식을 진행하고 현장으로 복귀한다”고 설명했다.  화물연대는 올해 말 종료가 예정된 안전운임제의 일몰제 폐지와 품목 확대를 요구하며 총파업을 벌였다. 안전운임제는 과로·과속 등을 막자는 취지에서 화물 노동자에게 최소한의 운송료를 보장하는 제도다.  정부는 안전운임제와 관련해 ‘일몰을 3년 연장하되 품목 확대는 불가하다’는 원칙을 견지했다. 그러나 파업이 길어지자 ‘3년 연장 제안도 원점에서 재검토하겠다’는 강경한 입장을 보이기 시작했다. 정부의 ‘선 복귀, 후 대화’ 원칙 속에 화물연대가 파업을 철회하면서, 향후 노조의 집단 투쟁에 정부 대응이 보다 강경해질 수 있다는 관측도 나온다.  



   원희룡 국토교통부 장관이 9일 인천시한 공동주택 공사현장을 방문, 화물연대 집단운송거부와 건설노조의 동조파업 움직임에 따른 피해 현황을 점검한 후 관계자와 대화를 나누고 있다. 국토교통부 제공    원희룡 국토교통부 장관은 페이스북에 올린 글을 통해 ‘안전운임제 3년 연장 제안’은 무효가 된 것이라고 선을 그었다. 원 장관은 “국가 경제에 심각한 피해와 국민 불편을 16일 동안이나 끼치고 업무개시명령이 두 차례 발동되고 나서야 뒤늦게 현장 복귀가 논의되는 것은 유감”이라며 “‘선 복귀, 후 대화’라는 정부의 입장은 확고하며, 여기에는 어떠한 조건도 있을 수 없다”고 덧붙였다.     



   9일 오전 서울 여의도 국회에서 열린 국토교통위원회 전체회의에서 ‘안전운임제 3년 연장안’인 화물자동차 운수사업법 일부개정법률안이 야당 단독으로 의결 되고 있다. 뉴스1    반면 국회 국토교통위원회에서는 야당 단독으로 안전운임제 일몰 기한을 3년 연장하는 내용의 화물자동차 운수사업법 개정안을 처리했다. 이날 회의에 국민의힘과 정부 측 인사들은 불참했다. 개정안은 민주당 단독으로 국토위 소위와 전체회의 의결을 거쳤지만 국민의힘 김도읍 의원이 위원장을 맡고 있는 국회 법제사법위원회 문턱을 넘기는 어려울 것으로 보인다.     국민의힘 국토위원들은 민주당 단독 처리에 반발해 기자회견을 열고 “민주당이 또다시 민주노총의 하수인 역할에 나섰다”고 강조했다.




권구성·우상규·조병욱 기자




기자 프로필



















권구성 기자






구독


구독중





구독자 0




응원수
0







초심을 잃지 않겠습니다.




총파업 철회했지만… 원희룡 “안전운임 연장안 무효 된 것”


업무개시로 물류 숨통 텄지만… 정유·석유화학 피해 확산























우상규 기자






구독


구독중





구독자 0




응원수
0







세계일보 우상규 기자입니다.




16일 만에 백기 투항… 주도권 쥔 정부, ‘노동개혁’ 고강도 드라이브 건다 [뉴스 투데이]


삼성전자, 첫 여성 사장 탄생… ‘한종희·경계현 투톱’은 유지























조병욱 기자






구독


구독중





구독자 0




응원수
0







듣고 묻고 기록합니다. 사회부, 외교안보부, 경제부, 산업부, 국제부, 특별기획취재팀 등을 거쳐 정치부에 근무중입니다.




총파업 철회했지만… 원희룡 “안전운임 연장안 무효 된 것”


[단독] 이창용 한은 총재 “반도체 회복하는 내년 하반기 경제 움직일 것... 부동산PF 위기 과장 측면도”







세계일보의 구독 많은 기자


세계일보 기사를 더 보고 싶다면?
								구독

세계일보 언론사 구독되었습니다. 메인 뉴스판에서 세계일보 주요뉴스를  볼 수 있습니다.
보러가기


세계일보 언론사 구독 해지되었습니다.


닫기








Copyright ⓒ 세계일보. All rights reserved. 무단 전재 및 재배포 금지.

 
이 기사는 언론사에서 사회 섹션으로 분류했습니다.

기사 섹션 분류 안내
기사의 섹션 정보는 해당 언론사의 분류를 따르고 있습니다. 언론사는 개별 기사를 2개 이상 섹션으로 중복 분류할 수 있습니다.
닫기











구독
메인에서 바로 보는 언론사 편집 뉴스 지금 바로 구독해보세요!


구독중
메인에서 바로 보는 언론사 편집 뉴스 지금 바로 확인해보세요! 보러가기












			주요뉴스해당 언론사에서 선정하며 언론사 페이지(아웃링크)로 이동해 볼 수 있습니다.


전여친 계좌에 1원씩 120차례 송금한 30대 '집유'
""MBC 기자 예의 없다더니… 슬리퍼 신고 다리 꼰 김건희"" 외교 결례 지적, 알고 보니
""아직도 전화번호 못 지워"" 은지원, 세상 떠난 父 그리움에 눈물도
'황희찬 브라톱' 따라한 유병재에 축구협회가 남긴 댓글
'환자 마취 뒤 성관계' 의사, 성범죄는 무죄








이 기사를 추천합니다


기사 추천은 24시간 내 50회까지 참여할 수 있습니다.
닫기






쏠쏠정보
0




흥미진진
0




공감백배
0




분석탁월
0




후속강추
0


 




 












모두에게 보여주고 싶은 기사라면?beta

이 기사를 추천합니다 버튼을 눌러주세요.  집계 기간 동안 추천을 많이 받은 기사는 네이버 자동 기사배열 영역에 추천 요소로 활용됩니다.

레이어 닫기


 


세계일보 언론사홈 바로가기


 

언론사 구독 후 기사보기



구독 없이 계속 보기",https://n.news.naver.com/mnews/article/022/0003762806
20221210,022,野 단독 삭감 예산 수정안 제시… 국회의장 “與野 합의 필요” 거부,"정기국회 마지막 날까지 대립 예정된 본회의도 못 열고 끝나정기국회 마지막 날인 9일 여야는 내년도 예산안을 두고 한 치의 양보도 없는 ‘강대강’ 대립을 이어갔다. 결국 이날 오후 2시로 예정됐던 본회의는 제때 열리지 못했다. 야당은 예산안 삭감을 위주로 한 단독 수정안을 냈지만 김진표 국회의장은 여야 협의를 거쳐 합의해달라고 거듭 호소했다.  



   박홍근 더불어민주당 원내대표가 9일 서울 여의도 국회에서 기자간담회를 열고 여야 원내대표간 예산안 관련 협상에 대해 설명하고 있다. 뉴스1    이날 여야 원내대표는 서울 여의도 국회에서 김 의장 주재로 추경호 부총리 겸 기획재정부 장관을 포함한 여·야·정 협의를 진행했지만 입장 차를 좁히는 데 실패했다. 이날 회동에서는 법인세 등을 둘러싸고 고성이 오가는 등 극심한 갈등이 표출됐다.     야당은 결국 오후 들어 삭감 단독 수정안을 꺼내 들었다. 민주당 원내지도부는 이날 오후 김 의장에게 수정안을 제출하고 면담을 진행했다. 민주당 원내지도부는 김 의장에게 본회의 개의를 재차 촉구한 것으로 전해졌다.  그러나 김 의장은 여야 합의가 필요하다는 입장을 공고히 한 것으로 알려졌다. 김 의장은 “합의안을 가져왔으면 큰절하고 받을 것”이라며 “수정안을 내가 받을 수 없다. 국회법 절차대로 의안과에 접수하든지 해라”라고 밝혔다. 이어 “오늘이라도 여야가 예산안 협의 절차를 거쳐달라”며 “지금이라도 합의하면 국민은 정기국회내 처리로 생각할 것”이라고 말했다.  



   김진표 국회의장이 지난 8일 서울 여의도 국회 의장실에서 열린 국회의장 주재 교섭단체 원내대표 회동에서 국민의힘 주호영 원내대표(왼쪽), 더불어민주당 박홍근 원내대표(오른쪽)와 대화를 나누기 앞서 포즈를 취하고 있다. 허정호 선임기자    결국 여야는 내년도 예산안을 정기국회내에 처리하지 못했다는 오명을 쓰게 됐다. 2014년 국회선진화법(개정 국회법) 이후 국회는 예산처리 법정 시한(12월2일)을 넘긴 적은 있어도 본회의 기한(12월9일)을 넘긴 지각 예산은 이번이 처음이다. 이번에는 이상민 행정안전부 장관 해임안과 여야가 대선 때 내놓은 공약과 관련한 예산안을 두고 의견 대립이 평행선을 달리면서 기한 내 합의가 어려워졌다.  국민의힘 여성 의원들은 이날 성명을 내고 “정기국회 마지막 날인 12월9일까지는 예산을 통과시켜왔던 국회의 상식을 파괴하는 역사를 기록하는 날이 될 것”이라며 “야당 단독으로 수정안을 본회의에 제출하겠다는 헌정 사상 전례 없는 몰염치한 공언까지 하고 있다”고 비판했다.




박지원·김병관 기자




기자 프로필




















박지원 기자






구독


구독중





구독자 0




응원수
0







당신의 오늘에 뉴스를 지원합니다.




정부 강공모드에 속속 업무복귀…12개 항만 물동량 회복세 [화물연대 파업]


법인세·이상민 해임안에 ‘발목’… 예산안 회기 내 처리 첫 불발























김병관 기자






구독


구독중





구독자 0




응원수
0







김병관 기자입니다.




관저 만찬 뒤 존재감 커진 장제원…‘메신저’로 광폭행보?


불참한 정진석·주호영, 부활한 ‘윤핵관 브라더’… 친윤 모임의 상징적 장면들







세계일보의 구독 많은 기자


세계일보 기사를 더 보고 싶다면?
								구독

세계일보 언론사 구독되었습니다. 메인 뉴스판에서 세계일보 주요뉴스를  볼 수 있습니다.
보러가기


세계일보 언론사 구독 해지되었습니다.


닫기








Copyright ⓒ 세계일보. All rights reserved. 무단 전재 및 재배포 금지.

 
이 기사는 언론사에서 정치 섹션으로 분류했습니다.

기사 섹션 분류 안내
기사의 섹션 정보는 해당 언론사의 분류를 따르고 있습니다. 언론사는 개별 기사를 2개 이상 섹션으로 중복 분류할 수 있습니다.
닫기











구독
메인에서 바로 보는 언론사 편집 뉴스 지금 바로 구독해보세요!


구독중
메인에서 바로 보는 언론사 편집 뉴스 지금 바로 확인해보세요! 보러가기












			주요뉴스해당 언론사에서 선정하며 언론사 페이지(아웃링크)로 이동해 볼 수 있습니다.


전여친 계좌에 1원씩 120차례 송금한 30대 '집유'
""MBC 기자 예의 없다더니… 슬리퍼 신고 다리 꼰 김건희"" 외교 결례 지적, 알고 보니
""아직도 전화번호 못 지워"" 은지원, 세상 떠난 父 그리움에 눈물도
'황희찬 브라톱' 따라한 유병재에 축구협회가 남긴 댓글
'환자 마취 뒤 성관계' 의사, 성범죄는 무죄








이 기사를 추천합니다


기사 추천은 24시간 내 50회까지 참여할 수 있습니다.
닫기






쏠쏠정보
0




흥미진진
0




공감백배
0




분석탁월
0




후속강추
0


 




 












모두에게 보여주고 싶은 기사라면?beta

이 기사를 추천합니다 버튼을 눌러주세요.  집계 기간 동안 추천을 많이 받은 기사는 네이버 자동 기사배열 영역에 추천 요소로 활용됩니다.

레이어 닫기


 


세계일보 언론사홈 바로가기


 

언론사 구독 후 기사보기



구독 없이 계속 보기",https://n.news.naver.com/mnews/article/022/0003762805
20221210,022,"현재·미래, 생물·무생물의 모호한 경계…그 속에서 발견한 미학 [김한들의 그림 아로새기기]","(98) 우리가 빛의 속도로 갈 수 있다면양혜규, 시간·문화 등 개념 다원적 접근시공간 초월 콘셉트 전시 신선함 선사베네세상 수상作 ‘무성한 전기 이인조’사물 향한 인식의 한계 새 관점서 표현우주+림희영, 기계문명·예술 결합 시도다양한 매체 활용 사회 전반 모순 지적미래 관한 상상서 시작된 ‘플라스틱…’상상 속 ‘허구’ 의미 있는 존재로 다가와#12월, 과거와 현재가 공존하는 시간  한파가 몰려온 것은 순식간이었다. 이상 고온이라던 가을은 빠르게 사라졌다. 그리고 가을이 사라진 속도로 겨울이 왔다. 어느덧 사계의 끝에 다다른 지금은 한 해를 마무리하는 시간이다. 동시에 다가올 미래를 떠올려볼 시간이기도 하다. 현재에 충실히 하자는 매일의 다짐을 내려놓아도 마음이 가볍다. 자유롭게 과거와 미래를 비행하며 생각을 정리하고 풀어 둔다.  이렇게 과거와 미래가 공존하는 연말이 되면 떠오르는 전시가 있다. 2019년 국제갤러리에서 열린 양혜규(1971) 개인전 ‘서기 2000년이 오면’이다. 양혜규는 앞선 연재에서 소개한 바 있듯이 한국을 대표하는 현대미술가다. 사회적 주체, 문화, 시간 등의 개념에 대한 다원적 접근을 자기만의 시각언어로 제시한다. 뉴욕 현대미술관, 캐나다 온타리오 미술관, 국립현대미술관 등에서 전시했으며 프랑크푸르트 국립미술학교 교수다.  



   양혜규의 ‘하이브리드 중간 유형 - 무성한 전기 이인조’(2022)가 제7회 싱가포르 비엔날레에서 전시 중이다. 싱가포르 아트 뮤지엄(SAM)에서 열린 제7회 싱가포르 비엔날레 ‘나타샤(Natasha)’ 전시 전경. 국제갤러리·싱가포르 아트 뮤지엄 제공    ‘서기 2000년이 오면’의 전시명은 한 가요 가사에서 비롯했다. 1982년 가수 민혜경이 발표한 ‘서기 2000년’에서 시작해 전시 제목이 되었다. 리듬감 있는 멜로디로 시작하는 이 노래의 가사는 다음과 같다. “서기 2000년이 오면 우주로 향하는 시간 우리는 로켓트 타고 멀리 저 별 사이로 날으리.” 가사에 따르면 서기 2000년의 풍경에는 전쟁도 가난도 없고 우리는 별 사이를 난다. 행복한 마음으로 즐겁게 살며 세상은 아름다운 노래가 수를 놓는다.  2019년 전시 당시 관람객은 전시장에 들어서면 이 노래를 들을 수 있었다. 노래가 가리키는 미래의 시점을 훌쩍 지나버린 위치에서 과거의 희망을 바라보았다. 2000년은 과거와 미래의 시간이 동시에 녹아 있는 시점으로 듣는 이가 시간을 복합적으로 느끼게 했다. 이 복합적인 감각은 작품과 함께 전시장에서 시공간의 맥락으로 확장, 새로운 경험을 선사했다.  이처럼 남다른 시각예술 구조를 구축하는 양혜규는 최근 싱가포르 비엔날레가 주최하는 제13회 베네세 상(Benesse Prize)을 받았다. 베네세 상은 그동안 국제적 명성을 가진 작가들을 역대 수상자로 선정하며 권위를 쌓았다. 수상자 가운데는 올라푸르 엘리아손(Olafur Eliasson), 리크리트 티라바니자(Rirkrit Tiravanija) 등이 있다.  작가의 베네세 상 수상작은 ‘하이브리드 중간 유형 - 무성한 전기 이인조(The Hybrid Intermediates ? Flourishing Electrophorus Duo)’(2022)다. 이 작품을 선보인 제7회 싱가포르 비엔날레 전시장을 살펴보면 그 한가운데는 인체 규모의 두 조각이 서 있다. 쌍둥이처럼 유사한 조각들은 전기 콘센트 형태로 음각과 양각으로 번갈아 나타난다. 콘센트는 일상생활 속에서 벽에 고정, 전기가 통하는 보조 역할을 하지만 여기서는 하나의 존재, 객체로 온전히 홀로 섰다. 사물, 상황, 현상 등에 관한 인간 인식과 그 한계에 대해 가져온 작가의 관심을 시각화한 결과물이다.  #우리가 빛의 속도로 갈 수 있다면  연말이라는 복합적 시간 속에서 올해는 유독 다가올 시간, 미래에 관한 생각을 펼치게 되었다. 얼마 전 우연히 방문한 전시장에서 만난 우주+림희영의 작품 때문이었다. 우주+림희영은 우주(유병준, 1976)와 림희영(임희영, 1979)이 구성한 팀이다. 국립현대미술관, 아모레퍼시픽미술관, 부산 비엔날레 등을 비롯해 브뤼셀, 마드리드, 피츠버그, 맨체스터 등 주요 미술 기관 및 행사에서 전시했다. 국립현대미술관 미술은행, 서울시립미술관, 현대자동차 등에서 작품을 소장하고 있다.  우주+림희영은 2004년부터 기계와 시각예술의 결합을 시도, 상상을 현실로 불러주는 작업을 한다. 기계와 일상 사물의 예기치 못한 조합을 통해 새로운 맥락을 형성하여 당혹감과 새로움을 동시에 느끼게 한다. 이러한 작업 방식을 통해 이들은 키네틱 조각, 드로잉, 실시간 인터랙티브 영상 등 매체의 경계를 넘나든다. 다양한 시각적 표현을 통해서 사회, 정치, 문화 전반에 걸친 모순과 부조리한 상황을 드러낸다.  



   우주+림희영 ‘플라스틱으로부터의 노래’(2022) 설치 장면. 아모레퍼시픽미술관 제공    우주+림희영이 최근 아모레퍼시픽미술관 ‘에이피 맵 리뷰’ 전시에서 선보이고 있는 작품은 ‘플라스틱으로부터의 노래(Song from Plastic)’(2022)다. 거대한 전시장에 들어서면 벽에 파편처럼 튀어 있는 색색의 조각을 보게 된다. 검정과 핑크를 비롯해 투명하게 빛이 투과하는 조각들이다. 한 걸음 가까이 다가가면 조각들은 기하학적 형태의 개별 오브제로 자기 존재를 드러낸다. 한 걸음 더 가까이 다가가면 오브제들은 편의점 앞 의자, 자동차 장난감, 멈춘 시계 등 일상 속 사물이다. 모두 우리 생활 속 한가운데 들어와 있는, 플라스틱으로 만들어진 것들이다.  이 작품은 작가들의 미래에 관한 상상에서 출발했다. 미술관 설명에 따르면 작가들은 “몇만년의 시간이 흐른 뒤 미래의 지적 생명체가 발견한 플라스틱 화석으로부터 멸종된 존재의 소리가 흘러나온다는 상상”을 했다. “축음기의 원리를 응용한 기계장치는 폐플라스틱 조각 위에 각종 소리를 기록하여 레코드처럼 재생”하는 장면이었다. 플라스틱 분해 시간이 아무리 길어도 몇만년 뒤에는 분명 사라졌을 것이다. 하지만 그것이 화석으로 발견되었다는 이들의 상상은 먼 미래 속 우리의 흔적이 어떻게 남겨질지에 관한 생각을 하게 한다. 환경적 이슈에 직면한 인류 상황 속에서 우리 가치와 흔적을 미래까지 지키는 방법을 고민하게 만든다.  작가들의 대표 작품 가운데는 ‘나쁜 꿈을 꾸는 기계’(2010)가 있다. 기억하고 싶지 않은 악몽을 대신 꿔주는 존재를 기계 형태로 만든 작품이다. 이 작품처럼 ‘플라스틱으로부터의 노래’에서 손으로 감각할 수 있는 오브제를 활용한 것은 작품에 관람자를 결부하는 효과를 가져온다. 소설, 만화 속에서 허구였던 이야기가 물성을 가진 존재의 등장으로 현실처럼 느껴지게 되기 때문이다.  한때는 미래에 관해 생각하는 것이 무의미하게 느껴졌다. 하지만 이제는 안다. 미래를 생각하는 것만으로도 현실이 충만해진다면 그건 충분히 의미 있는 일이라는 것을. 현실에 충실히 하는 것처럼, 과거를 되새겨보는 것처럼, 미래에 집중하는 일이 낭비가 아니라는 사실을. 그래서 남은 한 달간은 다가올 새해를 생각하며 지난했던 올해를 축복으로 보내주고 싶다.  시간과 관련한 글 가운데 김초엽의 공상과학(SF) 소설 ‘우리가 빛의 속도로 갈 수 없다면’이 있다. 이 소설에는 또 다른 행성으로 가기 위해 폐쇄된 우주정거장에서 우주여객선을 기다리는 할머니가 나온다. 이제는 운항이 끊긴 여객선을 기다리며 할머니는 다음 같은 말을 한다. “사연을 아는 사람들은 내게 수십년 동안 찾아와 위로의 말을 건넸다네. 그래도 당신들은 같은 우주 안에 있는 것이라고. 그 사실을 위안 삼으라고. 하지만 우리가 빛의 속도로 갈 수조차 없다면, 같은 우주라는 개념이 대체 무슨 의미가 있나?” 과거의 시간을 두고 현재에서 미래를 소환하며 이 소설을 떠올린다. 그리고 희망을 담아 우리는 어쩌면 빛의 속도로 갈 수 있을지도 모른다는 생각한다.




김한들 미술이론가




Copyright ⓒ 세계일보. All rights reserved. 무단 전재 및 재배포 금지.

 
이 기사는 언론사에서 생활 섹션으로 분류했습니다.

기사 섹션 분류 안내
기사의 섹션 정보는 해당 언론사의 분류를 따르고 있습니다. 언론사는 개별 기사를 2개 이상 섹션으로 중복 분류할 수 있습니다.
닫기











구독
메인에서 바로 보는 언론사 편집 뉴스 지금 바로 구독해보세요!


구독중
메인에서 바로 보는 언론사 편집 뉴스 지금 바로 확인해보세요! 보러가기












			주요뉴스해당 언론사에서 선정하며 언론사 페이지(아웃링크)로 이동해 볼 수 있습니다.


전여친 계좌에 1원씩 120차례 송금한 30대 '집유'
""MBC 기자 예의 없다더니… 슬리퍼 신고 다리 꼰 김건희"" 외교 결례 지적, 알고 보니
""아직도 전화번호 못 지워"" 은지원, 세상 떠난 父 그리움에 눈물도
'황희찬 브라톱' 따라한 유병재에 축구협회가 남긴 댓글
'환자 마취 뒤 성관계' 의사, 성범죄는 무죄








이 기사를 추천합니다


기사 추천은 24시간 내 50회까지 참여할 수 있습니다.
닫기






쏠쏠정보
0




흥미진진
0




공감백배
0




분석탁월
0




후속강추
0


 




 












모두에게 보여주고 싶은 기사라면?beta

이 기사를 추천합니다 버튼을 눌러주세요.  집계 기간 동안 추천을 많이 받은 기사는 네이버 자동 기사배열 영역에 추천 요소로 활용됩니다.

레이어 닫기


 


세계일보 언론사홈 바로가기


 

언론사 구독 후 기사보기



구독 없이 계속 보기",https://n.news.naver.com/mnews/article/022/0003763041
20221210,022,괴짜 천재에서 괴짜 옷 입은 악마로… 뱅크먼프리드의 몰락 [세계는 지금],"보통의 20대 모습… 새 유형 갑부로 각광효율적 이타주의 언급하며 기부 적극FTX 몰락으로 말과 행동 허상 드러나불법적 자전거래로 사기죄 처벌 걱정  ‘괴짜의 옷을 입은 악마(The Devil in Nerd’s Clothes)’  미국 경제전문지 포브스가 샘 뱅크먼프리드 전 FTX 최고경영자(CEO)를 베스트셀러 원작 영화 ‘악마는 프라다를 입는다(The Devil Wears Prada)’에 빗대 표현했다. 그동안 인간미 있는 괴짜 천재로 포장됐던 뱅크먼프리드가 FTX 파산으로 촉발된 가상화폐 연쇄붕괴 사태의 원흉임을 통렬히 지적한 표현이다.  



   샘 뱅크먼프리드 전 FTX 최고경영자(CEO)    뱅크먼프리드는 새로운 유형의 억만장자로 주목받았다. 후줄근한 티셔츠를 입고 덥수룩한 머리로 온라인게임 리그오브레전드에 열중하는 게임광의 모습은 보통 20대와 다르지 않다. 국내 가상화폐 커뮤니티에서 ‘뽀글이’라는 별명으로 불린 것도 평범한 외양과 취향에 친근함을 느꼈기 때문이다.  돈에 연연하지 않는 듯한 언행은 자본주의에 익숙한 젊은 세대에 신선한 충격이었다. 인터뷰마다 철학자 피터 싱어가 주창한 효율적 이타주의를 언급하며 기부에 적극 나섰다. 효율적 이타주의란 세상을 개선하는 가장 효율적인 방법을 모색하고 실천하려는 행위나 생각을 뜻한다. “세상을 도울 방법을 찾는 게 악을 행하지 않는 것만큼이나 중요하다”고 역설하기도 했다. 시장붕괴를 막겠다며 파산 위기에 몰린 가상화폐 기업에 자금을 지원해 가상화폐의 백기사라는 별명도 얻었다.  FTX에 자선단체를 설립하고 “내 수입 중 99%는 기부하겠다”고 말해 기부 천사 이미지를 구축했다. 사회 환원의 일환으로 프로스포츠를 통한 적극적인 마케팅에 나서 스포츠 팬의 환호를 받는가 하면, 막대한 정치후원금으로 워싱턴 정가에서도 호평이 나왔다.  FTX 파산으로 괴짜 억만장자는 몰락했다. CEO직을 사임했고, 한때 265억달러(약 33조5000억원)로 추산됐던 재산은 사라졌다.  이젠 도덕성에도 큰 타격을 받아 내부 계열사 간 자전거래로 자산을 부풀린 책임을 물어 사기죄로 처벌받을 걱정을 해야 하는 처지가 됐다. 4억달러(약 5200억원)에 달하는 고객 자금을 횡령해 고급 별장을 사들였다는 의혹에도 휩싸였다. 효율적 이타주의를 외치던 그간 말과 행동은 모두 가면이었던 셈이다.  그는 결국 회사 내실 강화는 외면한 채 대중에게 비치는 모습에만 치중했다는 비판을 피할 수 없게 됐다. 포브스는 “그의 신비주의는 효율적 이타주의와 같은 철학의 포용으로 강화됐으며, 이는 무자비한 돈벌이에 도덕적인 무게를 보탰다”고 비판했다.




이병훈 기자




기자 프로필




















이병훈 기자






구독


구독중





구독자 0




응원수
0







항상 듣겠습니다.




투자자 신뢰 상실한 ‘코인’… 금융시장 진출 구상도 ‘빨간불’ [세계는 지금]


푸틴 ""핵전쟁 위험 고조… 모든 수단 동원해 영토 방어""







세계일보의 구독 많은 기자


세계일보 기사를 더 보고 싶다면?
								구독

세계일보 언론사 구독되었습니다. 메인 뉴스판에서 세계일보 주요뉴스를  볼 수 있습니다.
보러가기


세계일보 언론사 구독 해지되었습니다.


닫기








Copyright ⓒ 세계일보. All rights reserved. 무단 전재 및 재배포 금지.

 
이 기사는 언론사에서 세계 섹션으로 분류했습니다.

기사 섹션 분류 안내
기사의 섹션 정보는 해당 언론사의 분류를 따르고 있습니다. 언론사는 개별 기사를 2개 이상 섹션으로 중복 분류할 수 있습니다.
닫기











구독
메인에서 바로 보는 언론사 편집 뉴스 지금 바로 구독해보세요!


구독중
메인에서 바로 보는 언론사 편집 뉴스 지금 바로 확인해보세요! 보러가기












			주요뉴스해당 언론사에서 선정하며 언론사 페이지(아웃링크)로 이동해 볼 수 있습니다.


전여친 계좌에 1원씩 120차례 송금한 30대 '집유'
""MBC 기자 예의 없다더니… 슬리퍼 신고 다리 꼰 김건희"" 외교 결례 지적, 알고 보니
""아직도 전화번호 못 지워"" 은지원, 세상 떠난 父 그리움에 눈물도
'황희찬 브라톱' 따라한 유병재에 축구협회가 남긴 댓글
'환자 마취 뒤 성관계' 의사, 성범죄는 무죄








이 기사를 추천합니다


기사 추천은 24시간 내 50회까지 참여할 수 있습니다.
닫기






쏠쏠정보
0




흥미진진
0




공감백배
0




분석탁월
0




후속강추
0


 




 












모두에게 보여주고 싶은 기사라면?beta

이 기사를 추천합니다 버튼을 눌러주세요.  집계 기간 동안 추천을 많이 받은 기사는 네이버 자동 기사배열 영역에 추천 요소로 활용됩니다.

레이어 닫기


 


세계일보 언론사홈 바로가기


 

언론사 구독 후 기사보기



구독 없이 계속 보기",https://n.news.naver.com/mnews/article/022/0003763040
20221210,022,투자자 신뢰 상실한 ‘코인’… 금융시장 진출 구상도 ‘빨간불’ [세계는 지금],"가상화폐 거래소 FTX 파산 한 달FTX사태로 업계 지급능력 문제 대두가상화폐 거래 불투명성도 피해 키워공식 안전망 없어 고객 불안감은 여전코인, 금융상품으로 인정받으려 노력뱅크먼프리드, 7210만弗 기부금 뿌려소관부처 CFTC, 입장 바꿔 회의감 보여일각 FTX로 탈중앙화 촉진 전망 내놔거래소 이용 않고 개인끼리 사고팔아 120만명이 이용하던 세계 2위 가상화폐 거래소 FTX(Future Exchange)의 파산이 11일 한 달을 맞는다. FTX가 밝힌 채무자만 10만명, 추산 채무액은 최대 500억달러(약 65조원)다. 누구도 예상치 못한 가상화폐 업계 큰손의 초고속 몰락에 시장은 송두리째 흔들리고 있다.  사태는 현재진행형. 고객 대출금 75억달러(약 9조7500억원)가 넘는 가상화폐 대출업체 블록파이는 FTX 붕괴 여파로 지난달 28일(현지시간) 파산보호를 신청했다. FTX 그룹 내 130개 회사가 함께 파산 절차에 들어가면서 업계에 미치는 영향은 더욱 커질 수밖에 없다.  



   사진=AP연합뉴스    ◆안전망 없는 고질적 불투명성에 문제 제기  5월 루나코인 폭락 사태에 이어 FTX까지 몰락하자 가상화폐 업계의 근본적 구조에 의문을 제기하는 시각이 늘고 있다. 투자전문사이트 인베스팅닷컴은 “(이번 사태에서) 위험성이 큰 가상화폐 업계에 대한 투자자의 심각한 신뢰 상실이 가장 심한 문제”라며 “업계의 지급 능력도 그대로 드러났다”고 지적했다.  



  업계에서 이번 사태는 2001년 대규모 회계부정을 일으킨 엔론 사태와 2008년 금융위기를 불러왔던 리먼브러더스 파산을 합친 정도의 충격을 주고 있다. 특히 업계의 고질적 병폐인 투명성 부족으로 추산 가능한 피해 범위도 명확하지 않고 동일한 사태가 다시 발생할 수 있다는 점에서 후폭풍을 가늠할 수 없는 상태다. 신용평가사 무디스는 보고서에서 “가상화폐는 전통적 금융시장과 달리 예금 보험이나 당국 등의 공식 안전망(backstop)이 없다는 것이 중요한 차이점”이라며 “가상화폐 업계는 대체로 규제가 없으며, 고객을 보호하지 않는다”고 했다.  이번 사태를 투명성을 높이는 계기로 삼아야 한다는 주문도 나온다. 캐나다 신용평가사 DBRS는 보고서에서 “최소한 소액 투자자에게는 가상화폐 투자의 높은 위험성에 대한 명확한 경고가 될 것”이라고 했다.     ◆금융시장 진출 구상도 빨간불  당국의 법적 규제를 받아 제도권 금융시장에 정식 진출하려던 가상화폐 시장의 계획은 당분간 동력을 상실할 전망이다. 이번 사태의 핵심 인물인 샘 뱅크먼프리드 전 FTX 최고경영자(CEO)는 가상화폐를 금융상품으로 인정받기 위해 워싱턴 정계에 막대한 기부금을 뿌려 왔다. 월스트리트저널(WSJ)은 정치후원금을 추적하는 비영리단체 책임정치센터(CRP)를 인용해 최근 18개월간 FTX의 정치후원금이 7210만달러(약 937억3000만원)에 달한다고 보도했다.  



  미국에서는 가상화폐 규제를 두고 증권거래위원회(SEC)와 상품거래위원회(CFTC)가 주도권 다툼을 벌였다. 가상화폐가 증권이냐, 상품이냐 해석에 따라 소관 부처가 달라진다. 뱅크먼프리드는 가상화폐에 비교적 우호적인 CFTC 관련 정치인에게 막대한 로비를 펼친 것으로 알려졌다.  CFTC는 FTX 파산 후 가상화폐 업계에 대한 회의감을 드러내고 있다. 로스틴 베넘 CFTC 위원장이 최근 비공개 행사에서 “비트코인만이 상품으로 분류할 수 있는 유일한 가상화폐”라며 “가상화폐는 투기 이상으로 활용되지 않고 있다”고 말했다고 미국 경제전문매체 포천이 전했다. FTX 사태 전 가상화폐 규제 권한을 의회에 요청하고 있다던 입장과는 크게 달라진 모습이다. 가상화폐 규제권을 SEC에 넘겨줄 수 있다는 관측까지 나온다. 조셉 에드워드 시큐리타이즈캐피털 분석가는 “(비트코인 등) 가장 기본적인 코인을 제외한 모든 가상화폐는 시장 접근 측면에서 몇 년은 후퇴할 것”이라고 전망했다.  



   샘 뱅크먼프리드 전 FTX 최고경영자(CEO)가 지난 11월 30일(현지시간) 뉴욕타임스가 뉴욕에서 주최한 딜북콘퍼런스에 화상으로 참여해 인터뷰 도중 고개를 숙이고 있다. 뱅크먼프리드는 FTX 파산 사태 이후 처음으로 이날 공식 석상에 모습을 드러냈다. 뉴욕=AFP연합뉴스    ◆탈중앙화 촉진 계기 전망도  FTX 사태가 장기적으로는 오히려 가상화폐의 가장 큰 특징인 탈중앙화를 실현하는 긍정적 계기가 될 것이란 전망도 있다. 가상화폐는 전통화폐와 달리 중앙은행 통제 없이 누구나 채굴을 할 수 있다는 점에서 발행(발권)의 탈중앙화가 주요 특징이다. 그런데 거래에서는 탈중앙화된 방식이 아니라 중앙화된 방식이 보편적 형태로 자리를 잡으면서 전통적 금융자산과 차이점이 없다는 지적을 받았다.  



  가상화폐 거래의 중앙화는 주식시장에서처럼 이용자가 거래소(CEX)에 자산을 맡겨 사고파는 개념이다. 탈중앙화 거래는 중고장터 플랫폼에서처럼 CEX에 자산을 맡기는 것이 아니라 개인끼리 온라인지갑을 통해 거래하는 플랫폼을 제공한다.  CEX는 큰손인 해당 CEO 의중에 따라 좌우되는 경우가 많아 투명성 부족의 주원인으로 지목됐다. FTX 붕괴도 CEX의 이런 약점이 표출된 사례로 볼 수 있다. 앞으로 탈중앙화 거래 플랫폼이 각광을 받을 것이란 전망이 나오는 배경이다.  가상화폐 전문매체 코인텔레그래프는 “투자자들은 이제 FTX 같은 CEX에 자금을 보관하는 것이 얼마나 안전한지 의문을 제기하고 확인되지 않은 의사결정에 대해 심각한 우려를 나타내고 있다”고 했다.




이병훈 기자 bhoon@segye.com




기자 프로필




















이병훈 기자






구독


구독중





구독자 0




응원수
0







항상 듣겠습니다.




푸틴 ""핵전쟁 위험 고조… 모든 수단 동원해 영토 방어""


“핵무기는 방어·반격 수단”… 푸틴, 본토 피격에 또 ‘핵 카드’







세계일보의 구독 많은 기자


세계일보 기사를 더 보고 싶다면?
								구독

세계일보 언론사 구독되었습니다. 메인 뉴스판에서 세계일보 주요뉴스를  볼 수 있습니다.
보러가기


세계일보 언론사 구독 해지되었습니다.


닫기








Copyright ⓒ 세계일보. All rights reserved. 무단 전재 및 재배포 금지.

 
이 기사는 언론사에서 세계 섹션으로 분류했습니다.

기사 섹션 분류 안내
기사의 섹션 정보는 해당 언론사의 분류를 따르고 있습니다. 언론사는 개별 기사를 2개 이상 섹션으로 중복 분류할 수 있습니다.
닫기











구독
메인에서 바로 보는 언론사 편집 뉴스 지금 바로 구독해보세요!


구독중
메인에서 바로 보는 언론사 편집 뉴스 지금 바로 확인해보세요! 보러가기












			주요뉴스해당 언론사에서 선정하며 언론사 페이지(아웃링크)로 이동해 볼 수 있습니다.


전여친 계좌에 1원씩 120차례 송금한 30대 '집유'
""MBC 기자 예의 없다더니… 슬리퍼 신고 다리 꼰 김건희"" 외교 결례 지적, 알고 보니
""아직도 전화번호 못 지워"" 은지원, 세상 떠난 父 그리움에 눈물도
'황희찬 브라톱' 따라한 유병재에 축구협회가 남긴 댓글
'환자 마취 뒤 성관계' 의사, 성범죄는 무죄








이 기사를 추천합니다


기사 추천은 24시간 내 50회까지 참여할 수 있습니다.
닫기






쏠쏠정보
0




흥미진진
0




공감백배
0




분석탁월
0




후속강추
0


 




 












모두에게 보여주고 싶은 기사라면?beta

이 기사를 추천합니다 버튼을 눌러주세요.  집계 기간 동안 추천을 많이 받은 기사는 네이버 자동 기사배열 영역에 추천 요소로 활용됩니다.

레이어 닫기


 


세계일보 언론사홈 바로가기


 

언론사 구독 후 기사보기



구독 없이 계속 보기",https://n.news.naver.com/mnews/article/022/0003763039
20221210,022,11일 이상민 해임건의안 본회의 표결… 예산안은 15일로 합의,"국회는 11일 오전 10시 본회의를 열어 더불어민주당이 발의한 이상민 행정안전부 장관에 대한 해임건의안을 상정한다. 애초 11일로 기대됐던 내년도 예산안은 여야 간 의견 차를 좁히지 못해 추가 협상을 거친 뒤 오는 15일 오후 2시 본회의를 열어 처리한다.  



   이상민 행정안전부 장관. 연합뉴스    김진표 국회의장과 국민의힘 주호영·민주당 박홍근 원내대표는 10일 오후 회동에서 이 같이 합의했다. 김 의장은 여야 원내대표에게 4일의 시간을 더 주면서 양측이 예산안과 예산부수법안에 대한 합의안을 마련하도록 주문했다. 김 의장은 이 기간에도 합의 도출에 실패할 경우 “15일 현재 국회에 제출된 정부안 또는 (야당 단독) 수정안을 표결 처리하기로 합의했다”고 말했다. 본회의에서는 수정안과 정부 원안 순서로 표결에 부쳐진다. 여야 합의가 되지 않을 경우 과반 의석을 가진 민주당이 자체 수정안을 강행 처리하고 정부안을 부결시킬 가능성이 있다.     민주당은 예산안 협상이 불발될 것에 대비해 정부가 국회에 제출한 예산안에서 감액만 반영한 수정안을 마련해 발의하는 것을 검토 중이다. 박 원내대표는 회동 직후 기자들과 만나 “우리로서는 그때까지 여야와 정부가 머리 맞대서 합의한 수정안이 만들어지기를 기대한다”고 말했다.     민주당이 이태원 참사의 책임을 물어 발의한 이 장관의 해임건의안은 지난 8일 본회의에 보고된 상태다. 이어 24시간 이후 72시간 이내 본회의에서 표결 처리되지 않으면 자동 폐기되는데, 그 시한이 11일 오후 2시다. 국민의힘은 11일 본회의 전 의원총회를 열어 해임건의안 처리에 대한 대응 방안을 모색할 예정이다. 이태원 참사 국정조사가 시작되기 전 이 장관 해임건의안이 처리되는 것은 여야 합의 위반이라는 게 국민의힘 입장이다. 주 원내대표는 기자들에게 “해임건의안이 되고 나면 (국정조사는) 쉽지 않을 것”이라고 말했다.




이우중 기자 lol@segye.com




기자 프로필




















이우중 기자






구독


구독중





구독자 0




응원수
0







각종 제보 환영합니다.




유기견 지원 ‘文 달력’ 펀딩에 與 “풍산개 버리면서…모순덩어리”


총파업 철회했지만… 원희룡 “안전운임 연장안 무효 된 것”







세계일보의 구독 많은 기자


세계일보 기사를 더 보고 싶다면?
								구독

세계일보 언론사 구독되었습니다. 메인 뉴스판에서 세계일보 주요뉴스를  볼 수 있습니다.
보러가기


세계일보 언론사 구독 해지되었습니다.


닫기








Copyright ⓒ 세계일보. All rights reserved. 무단 전재 및 재배포 금지.

 
이 기사는 언론사에서 정치 섹션으로 분류했습니다.

기사 섹션 분류 안내
기사의 섹션 정보는 해당 언론사의 분류를 따르고 있습니다. 언론사는 개별 기사를 2개 이상 섹션으로 중복 분류할 수 있습니다.
닫기











구독
메인에서 바로 보는 언론사 편집 뉴스 지금 바로 구독해보세요!


구독중
메인에서 바로 보는 언론사 편집 뉴스 지금 바로 확인해보세요! 보러가기












			주요뉴스해당 언론사에서 선정하며 언론사 페이지(아웃링크)로 이동해 볼 수 있습니다.


전여친 계좌에 1원씩 120차례 송금한 30대 '집유'
""MBC 기자 예의 없다더니… 슬리퍼 신고 다리 꼰 김건희"" 외교 결례 지적, 알고 보니
""아직도 전화번호 못 지워"" 은지원, 세상 떠난 父 그리움에 눈물도
'황희찬 브라톱' 따라한 유병재에 축구협회가 남긴 댓글
'환자 마취 뒤 성관계' 의사, 성범죄는 무죄








이 기사를 추천합니다


기사 추천은 24시간 내 50회까지 참여할 수 있습니다.
닫기






쏠쏠정보
0




흥미진진
0




공감백배
0




분석탁월
0




후속강추
0


 




 












모두에게 보여주고 싶은 기사라면?beta

이 기사를 추천합니다 버튼을 눌러주세요.  집계 기간 동안 추천을 많이 받은 기사는 네이버 자동 기사배열 영역에 추천 요소로 활용됩니다.

레이어 닫기


 


세계일보 언론사홈 바로가기


 

언론사 구독 후 기사보기



구독 없이 계속 보기",https://n.news.naver.com/mnews/article/022/0003763038
20221210,022,국내 주요기업 ‘스타트업 지원’ 팔 걷었다 [심층기획],"삼성전자 사내 벤처 육성 프로그램 이어외부 스타트업 선발해 최대 1억원 지급현대차, 스타트업 육성 5개년 계획 발표대내외 경영환경 악화 속에서도 국내 주요 기업들은 스타트업계 지원을 위한 투자를 이어가고 있다.  삼성전자는 지난달 24일 서울 서초구 삼성전자 서울R&D캠퍼스에서 ‘C랩 아웃사이드’ 스타트업의 육성 성과를 알리는 ‘2022 C랩 스타트업 데모데이’를 개최했다.  



  삼성전자는 창의적인 조직문화를 확산하기 위해 사내벤처 육성 프로그램을 2012년 도입했다. 이렇게 축적된 노하우를 기반으로 2018년 양질의 청년 일자리 창출을 위한 외부 스타트업 육성 프로그램 C랩 아웃사이드를 만들었다.  데모데이에 참가한 주요 스타트업은 자율주행 로봇을 활용한 도심형 배달 서비스 업체 ‘뉴빌리티’ , 근골격계 질환 디지털 운동치료 솔루션 ‘에버엑스’, 디지털 맞춤형 정신건강 케어 솔루션 기업 ‘포티파이’, 기업에 필요한 법·규제·정책 모니터링 서비스 ‘코딧’ 등이다.  삼성전자는 직접 육성하는 C랩 아웃사이드에 선발된 스타트업에 최대 1억원의 사업지원금을 지급한다. 성장 단계별 맞춤형 컨설팅, 삼성전자 및 관계사와 협력 기회 연결, 국내외 정보기술(IT) 전시회 참가 등도 1년간 지원한다.  



   사진=뉴시스    현대차그룹은 지난달 22일 서울 명동 온드림 소사이어티에서 ‘H-온드림 스타트업 그라운드 파이널 데이’ 행사를 열고 지난 1년의 성과를 공유했다.  H-온드림 스타트업 그라운드는 그룹과 정몽구재단이 사회적 경제 기업과 임팩트 스타트업(사회 문제를 해결해 사회적 영향력과 수익을 동시에 창출하는 스타트업)을 육성하고자 2012년부터 벌인 사업이다. 지금까지 300개에 달하는 기업을 육성하고 5000여개 일자리를 만들었다.  현대차그룹과 재단은 이 사업으로 예비 창업∼법인 3년 차 스타트업의 시장 검증 및 연 매출 1억원 이상 스타트업의 성장 가속화를 지원한다. 현대차그룹과 협력해 환경 문제를 해결하기 위한 프로젝트도 제공한다.  현대차그룹은 지난 5월 스타트업 육성 5개년 계획을 발표하면서 2023∼2027년 1000억원 규모 투자 지원, 스타트업 250개 육성, 일자리 6000개 창출 목표를 밝히기도 했다.




곽은산 기자




기자 프로필




















곽은산 기자






구독


구독중





구독자 0




응원수
0







안녕하세요. 곽은산 기자입니다.




“2023년 상반기 주요 원자재 대부분 가격 하락”


불황에 움츠린 기업들… 인플레에 투자비 늘고 수요 줄어 [심층기획]







세계일보의 구독 많은 기자


세계일보 기사를 더 보고 싶다면?
								구독

세계일보 언론사 구독되었습니다. 메인 뉴스판에서 세계일보 주요뉴스를  볼 수 있습니다.
보러가기


세계일보 언론사 구독 해지되었습니다.


닫기








Copyright ⓒ 세계일보. All rights reserved. 무단 전재 및 재배포 금지.

 
이 기사는 언론사에서 경제 섹션으로 분류했습니다.

기사 섹션 분류 안내
기사의 섹션 정보는 해당 언론사의 분류를 따르고 있습니다. 언론사는 개별 기사를 2개 이상 섹션으로 중복 분류할 수 있습니다.
닫기











구독
메인에서 바로 보는 언론사 편집 뉴스 지금 바로 구독해보세요!


구독중
메인에서 바로 보는 언론사 편집 뉴스 지금 바로 확인해보세요! 보러가기












			주요뉴스해당 언론사에서 선정하며 언론사 페이지(아웃링크)로 이동해 볼 수 있습니다.


전여친 계좌에 1원씩 120차례 송금한 30대 '집유'
""MBC 기자 예의 없다더니… 슬리퍼 신고 다리 꼰 김건희"" 외교 결례 지적, 알고 보니
""아직도 전화번호 못 지워"" 은지원, 세상 떠난 父 그리움에 눈물도
'황희찬 브라톱' 따라한 유병재에 축구협회가 남긴 댓글
'환자 마취 뒤 성관계' 의사, 성범죄는 무죄








이 기사를 추천합니다


기사 추천은 24시간 내 50회까지 참여할 수 있습니다.
닫기






쏠쏠정보
0




흥미진진
0




공감백배
0




분석탁월
0




후속강추
0


 




 












모두에게 보여주고 싶은 기사라면?beta

이 기사를 추천합니다 버튼을 눌러주세요.  집계 기간 동안 추천을 많이 받은 기사는 네이버 자동 기사배열 영역에 추천 요소로 활용됩니다.

레이어 닫기


 


세계일보 언론사홈 바로가기


 

언론사 구독 후 기사보기



구독 없이 계속 보기",https://n.news.naver.com/mnews/article/022/0003763037
20221210,022,‘이태원 참사 유가족협의회’ 출범… 이상민 파면 요구 [이태원 핼러윈 참사],"이태원 참사 희생자 유가족 협의체가 10일 공식 발족했다.     10·29 이태원참사 유가족협의회는 이날 오후 서울 중구 컨퍼런스홀에서 창립 선언 기자회견을 열고 희생자 명예 회복과 철저한 진실·책임자 규명을 촉구했다. 협의회는 참사 희생자 97명의 유가족 170여 명으로 구성됐다. 대표는 고(故) 이지한 씨 아버지인 이종철 씨가 맡았다.  



   이태원 참사 유가족협의회가 10일 중구 달개비에서 창립선언 기자회견을 하고 있다. 연합뉴스    이들은 창립선언문에서 희생자의 억울한 죽음을 밝히기 위해 모든 힘을 다할 것, 2차 가해에 적극 대처할 것, 10·29 이태원 참사와 같은 일이 다시는 발생하지 않도록 한마음으로 행동할 것 등을 결의했다. 또 정부에는 국정조사, 성역 없는 수사, 책임자에 대한 강력한 처벌 등과 함께 유가족 소통공간과 희생자 추모공간 마련 등을 요구했다.     유가족들은 창립선언문을 낭독한 뒤 ‘이상민(행정안전부 장관)을 파면하라’는 구호를 외쳤다. 일부 유가족은 기자회견 도중 오열했고, 한 명은 실신해 구급차에 실려 가기도 했다. 협의회는 아울러 진상 규명과 책임자 처벌을 위해 참사 생존자의 도움이 필요하다고 호소했다.     협의회는 국민의힘 권성동 의원이 이날 자신의 페이스북에 ‘이태원이 세월호와 같은 길을 가서는 안 된다’고 언급한 데 대해 분노를 표하며 여당의 책임 있는 자세를 촉구했다. 협의회 부대표 이정민씨는 “세월호가 간 길이 대체 어떤 길이냐. 어떤 길인데 안 된다는 것인지 모르겠다”며 “세월호 때 정부와 여당 책임자의 태도를 다시 한 번 돌아보라”고 비판했다.     유가족협의회는 오는 16일 오후 6시 이태원역 1번 출구 앞에서 10·29 이태원참사 시민대책회의와 함께 ‘참사 49일 시민추모제’를 진행할 예정이다.      세계일보는 이번 참사로 안타깝게 숨진 분들의 명복을 빌며, 유족들의 슬픔에 깊은 위로를 드립니다. 




이우중 기자 lol@segye.com




기자 프로필




















이우중 기자






구독


구독중





구독자 0




응원수
0







각종 제보 환영합니다.




유기견 지원 ‘文 달력’ 펀딩에 與 “풍산개 버리면서…모순덩어리”


총파업 철회했지만… 원희룡 “안전운임 연장안 무효 된 것”







세계일보의 구독 많은 기자


세계일보 기사를 더 보고 싶다면?
								구독

세계일보 언론사 구독되었습니다. 메인 뉴스판에서 세계일보 주요뉴스를  볼 수 있습니다.
보러가기


세계일보 언론사 구독 해지되었습니다.


닫기








Copyright ⓒ 세계일보. All rights reserved. 무단 전재 및 재배포 금지.

 
이 기사는 언론사에서 사회 섹션으로 분류했습니다.

기사 섹션 분류 안내
기사의 섹션 정보는 해당 언론사의 분류를 따르고 있습니다. 언론사는 개별 기사를 2개 이상 섹션으로 중복 분류할 수 있습니다.
닫기











구독
메인에서 바로 보는 언론사 편집 뉴스 지금 바로 구독해보세요!


구독중
메인에서 바로 보는 언론사 편집 뉴스 지금 바로 확인해보세요! 보러가기












			주요뉴스해당 언론사에서 선정하며 언론사 페이지(아웃링크)로 이동해 볼 수 있습니다.


전여친 계좌에 1원씩 120차례 송금한 30대 '집유'
""MBC 기자 예의 없다더니… 슬리퍼 신고 다리 꼰 김건희"" 외교 결례 지적, 알고 보니
""아직도 전화번호 못 지워"" 은지원, 세상 떠난 父 그리움에 눈물도
'황희찬 브라톱' 따라한 유병재에 축구협회가 남긴 댓글
'환자 마취 뒤 성관계' 의사, 성범죄는 무죄








이 기사를 추천합니다


기사 추천은 24시간 내 50회까지 참여할 수 있습니다.
닫기






쏠쏠정보
0




흥미진진
0




공감백배
0




분석탁월
0




후속강추
0


 




 












모두에게 보여주고 싶은 기사라면?beta

이 기사를 추천합니다 버튼을 눌러주세요.  집계 기간 동안 추천을 많이 받은 기사는 네이버 자동 기사배열 영역에 추천 요소로 활용됩니다.

레이어 닫기


 


세계일보 언론사홈 바로가기


 

언론사 구독 후 기사보기



구독 없이 계속 보기",https://n.news.naver.com/mnews/article/022/0003763036
20221210,022,불황에 움츠린 기업들… 인플레에 투자비 늘고 수요 줄어 [심층기획],"대내외 악재 겹쳐 ‘비상 경영’글로벌 경기 침체 속 원자재 가격 상승고환율·고금리 여파 투자 부담 늘어나투자액·생산량 축소 등 비상 플랜 마련배터리·반도체 업체 기존 계획 재검토원자재값 오른 화학업계 투자 속도 조절2023년 경영 기조 확장보다 안전에 방점최악 시나리오 가정 대응책 마련 부심“법인세 인하·규제 완화 등 지원책 필요” 



  국내 주요 기업들이 대내외 악재 속에 ‘비상경영’에 나서고 있다. 글로벌 경기 침체와 러시아의 우크라이나 침공 장기화로 원자재 가격이 상승한 데다 한동안 이어진 고환율과 고금리 여파로 투자 부담이 기존 계획보다 커졌다. 여기에 수요 회복성까지 떨어지는 등 복합적 경제 충격으로 대책 마련이 시급한 상황이다. 이에 기업들은 업계를 가리지 않고 잇따라 투자액과 생산량을 대폭 줄이는 등 속도 조절에 돌입했다.  기업들은 그룹사 차원의 ‘비상플랜’ 마련에도 본격적으로 나섰다. 그간 위기 대응 준비 정도에 머물렀지만 일찌감치 생존을 위해 각종 시나리오에 대응하는 선제적 전략을 세우고 있는 것이다.  



  ◆반도체·배터리·디스플레이… 속도조절 나선 업계들  9일 업계에 따르면 반도체 업황은 글로벌 경기 침체 속에 시장 불확실성이 커지고 있다. 이에 메모리 반도체 업황 악화로 지난 3분기 ‘어닝쇼크’를 맞았던 SK하이닉스는 내년 투자액을 올해보다 50% 이상 줄이기로 했다. 3분기 말 4조5000억원 수준 재고는 연말까지 1조원 이상 더 줄이기로 했다. 아울러 최첨단 메모리 제품 원가 경쟁력을 강화하는 한편 상대적으로 수익성이 낮은 일부 제품의 생산량을 줄여 나가겠다는 경영계획도 내놨다. 반도체 경기 위축이 당분간 이어질 것이라는 예상에 따라 투자 축소와 감산을 유지하면서 시장 수급 균형을 맞추겠다는 것이다.  삼성전자의 경우 반도체와 관련해 지난 3분기 콘퍼런스콜에서 “인위적 감산은 없다”고 선언했다. 다만 업계에서는 생산라인 효율화 등으로 자연 감산을 유도할 수 있다는 관측이 나온다.  



  배터리 업계에서는 LG에너지솔루션이 올해 초 미국 애리조나주 퀸크리크에 1조7000억원을 투자해 연산 11GWh(기가와트시) 규모 원통형 배터리 신규 공장을 짓는다고 발표했지만 계획을 전면 재검토하기로 했다. 인플레이션과 환율 여파로 당초 계획보다 훨씬 큰 비용이 들 것으로 예상되자 보류했다.  



  디스플레이 업계도 경기 침체에 따른 수요 부진 상황을 겪고 있다. LG디스플레이는 지난 3분기에 7593억원의 영업손실을 기록해 지난해 같은 기간 대비 적자 전환했다. 이에 올해 시설투자 규모를 1조원 이상 축소하고 내년에도 감가상각비 절반 수준에서 집행할 수 있도록 계획을 재검토하기로 했다. 수익성이 떨어지는 액정표시장치(LCD) TV의 국내 생산 종료 시점도 당초 계획보다 6개월 이상 앞당기기로 했다. 중국 내 생산도 단계적으로 축소하기로 했다.  



  화학 업계는 원자재 가격 상승 여파로 투자 조절에 나섰다. 금호석유화학은 최근 의료용 장갑 원료로 사용되는 NB라텍스 생산설비 투자 종료 시점을 기존 내년 12월에서 2024년 4월로 4개월 늦췄다. 앞서 금호석유화학은 NB라텍스 생산설비 투자금액이 기존 2560억원에서 2765억원으로 늘었다고 공시했다. 내년까지 95만t 규모 생산능력을 확보하겠다는 계획이었지만, 원자재 가격과 환율 때문에 투자비용이 늘고 자재 조달이 여의치 않자 투자 종료 시점을 늦췄다.  LG화학도 국내를 비롯해 중국, 말레이시아 등에서 NB라텍스 설비 증설을 진행 중이었지만 최근 투자 속도를 늦추고 있다. 수요 급감에 따른 공급과잉 상황에서 투자를 무리하게 밀어붙이기보다는 수요와 경기를 점검하면서 상황을 조율하겠다는 방침이다.  ◆‘안정’에 방점, ‘최악 시나리오’ 검토도  주요 기업들은 경기 침체와 환율 등 대내외 악재에 대비하기 위해 그룹사 차원의 전략 마련에도 나서고 있다.  LG그룹은 각 계열사의 내년도 사업계획을 논의하는 사업보고회에서 내년도 경영기조 초점을 확장보다 안정에 맞춘 것으로 알려졌다. 이에 LG전자는 각 사업부서와 본사 조직 일부를 뽑아 지난달부터 ‘워룸’(War-Room)을 운영 중이다. 워룸은 일종의 태스크포스(TF)로 이를 통해 내년도 경기 하락에 선제 대응한다는 방침이다. 앞서 LG그룹 구광모 회장은 3년 만에 오프라인으로 열렸던 지난 9월 사장단 워크숍에서 “경영환경이 어려울 때일수록 그 환경에 이끌려 가선 안 되고 주도적이고 능동적인 자세로 미래를 준비해야 한다”고 말한 바 있다.  SK그룹은 최근 최고경영자(CEO) 세미나를 통해 경기 침체 등 거시경제 환경을 점검하고 계열사별로 내년을 대비하는 전략을 준비 중이다. 최태원 회장이 “지정학적 긴장 등 거시환경 위기가 증가할 가능성이 있다”며 연말까지 계열사별로 다양한 시나리오를 검토하라고 요구한 데 따른 것이다.  포스코그룹은 지난 7월 환율·금리·물가 등 ‘3고(高)’에 따른 글로벌 경기 침체에 대비하기 위해 그룹사 전체가 위기 대응 긴급 대책을 수립하고 비상경영체제에 나선다고 밝혔다. 특히 핵심 사업인 철강의 경우 비상판매체제로 수익성 확보에 총력을 다하는 한편 안전·환경 분야를 제외하고는 모든 비용을 절감하기로 했다.  이 밖에 한화그룹도 각 계열사 사장단에게 공급망 악화, 금리 상승 등에 대응하는 비상계획을 수립하라고 요구했다. 현대중공업그룹은 계열사 사장단 회의를 개최해 계열사별 최악의 시나리오를 가정한 대응책을 세우도록 주문했다.  



   추경호 경제부총리 겸 기획재정부 장관이 지난 11월 1일 정부서울청사에서 열린 비상경제장관회의에 참석해 있다. 연합뉴스    ◆‘기업 하기 좋은 환경’ 만들어야  대내외 경영환경이 악화하면서 정부는 반도체와 배터리 등 주력 분야의 신성장을 위한 대책 마련에 돌입했다. 미래 산업을 중심으로 기업들의 투자 흐름이 끊기지 않도록 재정 투입 등 지원 확대에 나선 것이다.  정부는 지난달 발표한 신성장 수출동력 확보 추진계획에서 반도체·이차전지 등 주력 산업의 경쟁력을 위해 주력 산업 국가산업단지를 조성하기로 했다. 또 민관 합동으로 3000억원 규모의 반도체 생태계 펀드를 조성해 ‘소부장’(소재·부품·장비) 육성 및 팹리스(반도체 설계 전문 회사)·소부장 인수합병(M&A) 등 투자 지원에 나선다. 반도체 인력 양성과 차세대 반도체 등 유망기술 연구개발(R&D), 각종 인프라에도 1조원의 재정을 투입한다.  차세대 전지 기술력 선점, 기술 포트폴리오 다변화를 위한 배터리 R&D에 1조원 이상 투입 등 내용을 담은 이차전지 산업 혁신전략도 2030년까지 추진한다. 디지털·바이오 산업 등을 미래 먹거리로 육성하기 위한 각종 혁신전략 및 R&D 투자 확대에도 나선다. 이 밖에 대기업 국가전략기술 시설투자 세액공제율을 중견기업 수준(8∼12%)으로 상향하는 등 주력 산업 세제 지원도 확대하기로 했다.  투자 유인을 위해 각종 규제 완화가 필요하다는 제언도 나온다. 세종대 경영학부 김대종 교수는 “정부가 법인세 인하와 규제 완화 등 지원으로 기업 하기 좋은 환경을 만들어주지 않는다면 제조업 기반의 국내 산업계는 앞으로 어려워진다”고 말했다. 그러면서 “기업들은 재고자산을 줄이면서 몸을 가볍게 하고 현금을 확보해둬야 한다. 투자는 4차산업과 관련된, 미래 가치가 밝은 쪽으로 집중할 필요가 있다”고 강조했다.




곽은산 기자 silver@segye.com




기자 프로필




















곽은산 기자






구독


구독중





구독자 0




응원수
0







안녕하세요. 곽은산 기자입니다.




“2023년 상반기 주요 원자재 대부분 가격 하락”


대기업 48% “2023년 국내 투자계획 아직 없거나 미정”







세계일보의 구독 많은 기자


세계일보 기사를 더 보고 싶다면?
								구독

세계일보 언론사 구독되었습니다. 메인 뉴스판에서 세계일보 주요뉴스를  볼 수 있습니다.
보러가기


세계일보 언론사 구독 해지되었습니다.


닫기








Copyright ⓒ 세계일보. All rights reserved. 무단 전재 및 재배포 금지.

 
이 기사는 언론사에서 경제 섹션으로 분류했습니다.

기사 섹션 분류 안내
기사의 섹션 정보는 해당 언론사의 분류를 따르고 있습니다. 언론사는 개별 기사를 2개 이상 섹션으로 중복 분류할 수 있습니다.
닫기











구독
메인에서 바로 보는 언론사 편집 뉴스 지금 바로 구독해보세요!


구독중
메인에서 바로 보는 언론사 편집 뉴스 지금 바로 확인해보세요! 보러가기












			주요뉴스해당 언론사에서 선정하며 언론사 페이지(아웃링크)로 이동해 볼 수 있습니다.


전여친 계좌에 1원씩 120차례 송금한 30대 '집유'
""MBC 기자 예의 없다더니… 슬리퍼 신고 다리 꼰 김건희"" 외교 결례 지적, 알고 보니
""아직도 전화번호 못 지워"" 은지원, 세상 떠난 父 그리움에 눈물도
'황희찬 브라톱' 따라한 유병재에 축구협회가 남긴 댓글
'환자 마취 뒤 성관계' 의사, 성범죄는 무죄








이 기사를 추천합니다


기사 추천은 24시간 내 50회까지 참여할 수 있습니다.
닫기






쏠쏠정보
0




흥미진진
0




공감백배
0




분석탁월
0




후속강추
0


 




 












모두에게 보여주고 싶은 기사라면?beta

이 기사를 추천합니다 버튼을 눌러주세요.  집계 기간 동안 추천을 많이 받은 기사는 네이버 자동 기사배열 영역에 추천 요소로 활용됩니다.

레이어 닫기


 


세계일보 언론사홈 바로가기


 

언론사 구독 후 기사보기



구독 없이 계속 보기",https://n.news.naver.com/mnews/article/022/0003763035
20221210,022,[속보] 11일 국회 본회의서 이상민 해임 건의안 표결·내년 예산안은 15일 처리,"이상민 행정안전부 장관이 지난 9일 정부 서울 청사 별관에서 열린 ‘제12회 지방자치단체 생산성 대상’ 시상식에 참석해 축사를 하고 있다. 행정안전부       여야는 오는 11일 오전 본회의를 열어 더불어민주당이 발의한 이상민 행정안전부 장관에 대한 해임 건의안을 상정, 표결로 처리하기로 했다. 내년도 예산안은 추가 협상을 거쳐 오는 15일 본회의에서 처리한다.     김진표 국회 의장과 국민의힘 주호영·민주당 박홍근 원내대표는 10일 회동에서 이같이 합의했다고 주 원내대표가 기자들에게 전했다.




현화영 기자 hhy@segye.com




기자 프로필




















현화영 기자






구독


구독중





구독자 0




응원수
0







숨쉬는 한 희망은 있다




“일본 16강 올라 솔직히 얄미웠다” 조규성 발언에 日 언론 ‘발끈’


“90분간 세계 최고의 선수를 벤치에 앉히다니!” 호날두 여친 화났다







세계일보의 구독 많은 기자


세계일보 기사를 더 보고 싶다면?
								구독

세계일보 언론사 구독되었습니다. 메인 뉴스판에서 세계일보 주요뉴스를  볼 수 있습니다.
보러가기


세계일보 언론사 구독 해지되었습니다.


닫기








Copyright ⓒ 세계일보. All rights reserved. 무단 전재 및 재배포 금지.

 
이 기사는 언론사에서 정치 섹션으로 분류했습니다.

기사 섹션 분류 안내
기사의 섹션 정보는 해당 언론사의 분류를 따르고 있습니다. 언론사는 개별 기사를 2개 이상 섹션으로 중복 분류할 수 있습니다.
닫기











구독
메인에서 바로 보는 언론사 편집 뉴스 지금 바로 구독해보세요!


구독중
메인에서 바로 보는 언론사 편집 뉴스 지금 바로 확인해보세요! 보러가기












			주요뉴스해당 언론사에서 선정하며 언론사 페이지(아웃링크)로 이동해 볼 수 있습니다.


전여친 계좌에 1원씩 120차례 송금한 30대 '집유'
""MBC 기자 예의 없다더니… 슬리퍼 신고 다리 꼰 김건희"" 외교 결례 지적, 알고 보니
""아직도 전화번호 못 지워"" 은지원, 세상 떠난 父 그리움에 눈물도
'황희찬 브라톱' 따라한 유병재에 축구협회가 남긴 댓글
'환자 마취 뒤 성관계' 의사, 성범죄는 무죄








이 기사를 추천합니다


기사 추천은 24시간 내 50회까지 참여할 수 있습니다.
닫기






쏠쏠정보
0




흥미진진
0




공감백배
0




분석탁월
0




후속강추
0


 




 












모두에게 보여주고 싶은 기사라면?beta

이 기사를 추천합니다 버튼을 눌러주세요.  집계 기간 동안 추천을 많이 받은 기사는 네이버 자동 기사배열 영역에 추천 요소로 활용됩니다.

레이어 닫기


 


세계일보 언론사홈 바로가기


 

언론사 구독 후 기사보기



구독 없이 계속 보기",https://n.news.naver.com/mnews/article/022/0003763034
20221210,022,이신화 “일본인 납북 피해자 가족 고통·분노 전적으로 공유”,"이신화 북한인권국제협력대사. 뉴스1    이신화 북한인권국제협력대사(북한인권대사)는 10일 일본 도쿄에서 열린 북한에 의한 일본인 납치 관련 국제 심포지엄에서 “우리는 일본인 납치 피해자 가족의 고통과 분노를 전적으로 공유한다”고 밝혔다.     이 대사는 이날 심포지엄 패널 토론자로 참석해 “우리나라에도 북한에 의한 납치 피해자가 있다”며 이 같이 말했다. 그러면서 “우리는 납치 문제 해결을 위한 일본 정부의 계속적이면서 지칠 줄 모르는 노력을 전적으로 지지한다”고 덧붙였다. 이 대사는 지난 7월 2017년 이후 약 5년 동안 공석이던 한국 정부의 북한인권대사로 임명된 바 있다.     일본 정부는 1970∼1980년대 일본인 17명이 북한으로 납치됐고, 그중 2002년 9월 당시 고이즈미 준이치로 총리의 방북 후 일본으로 돌아온 5명을 제외한 12명이 북한에 남아 있다고 주장하면서 조기 송환을 요구해왔다. 반면 북한은 12명 중 8명은 사망했고, 나머지 4명은 아예 북한에 오지 않았다며 해결해야 할 납치 문제가 남아 있지 않다는 입장이다. 이에 일본 정부는 매년 북한에 의한 일본인 납치 문제를 논의하는 국제 심포지엄을 개최해왔다.




이우중 기자 lol@segye.com




기자 프로필




















이우중 기자






구독


구독중





구독자 0




응원수
0







각종 제보 환영합니다.




유기견 지원 ‘文 달력’ 펀딩에 與 “풍산개 버리면서…모순덩어리”


총파업 철회했지만… 원희룡 “안전운임 연장안 무효 된 것”







세계일보의 구독 많은 기자


세계일보 기사를 더 보고 싶다면?
								구독

세계일보 언론사 구독되었습니다. 메인 뉴스판에서 세계일보 주요뉴스를  볼 수 있습니다.
보러가기


세계일보 언론사 구독 해지되었습니다.


닫기








Copyright ⓒ 세계일보. All rights reserved. 무단 전재 및 재배포 금지.

 
이 기사는 언론사에서 정치 섹션으로 분류했습니다.

기사 섹션 분류 안내
기사의 섹션 정보는 해당 언론사의 분류를 따르고 있습니다. 언론사는 개별 기사를 2개 이상 섹션으로 중복 분류할 수 있습니다.
닫기











구독
메인에서 바로 보는 언론사 편집 뉴스 지금 바로 구독해보세요!


구독중
메인에서 바로 보는 언론사 편집 뉴스 지금 바로 확인해보세요! 보러가기












			주요뉴스해당 언론사에서 선정하며 언론사 페이지(아웃링크)로 이동해 볼 수 있습니다.


전여친 계좌에 1원씩 120차례 송금한 30대 '집유'
""MBC 기자 예의 없다더니… 슬리퍼 신고 다리 꼰 김건희"" 외교 결례 지적, 알고 보니
""아직도 전화번호 못 지워"" 은지원, 세상 떠난 父 그리움에 눈물도
'황희찬 브라톱' 따라한 유병재에 축구협회가 남긴 댓글
'환자 마취 뒤 성관계' 의사, 성범죄는 무죄








이 기사를 추천합니다


기사 추천은 24시간 내 50회까지 참여할 수 있습니다.
닫기






쏠쏠정보
0




흥미진진
0




공감백배
0




분석탁월
0




후속강추
0


 




 












모두에게 보여주고 싶은 기사라면?beta

이 기사를 추천합니다 버튼을 눌러주세요.  집계 기간 동안 추천을 많이 받은 기사는 네이버 자동 기사배열 영역에 추천 요소로 활용됩니다.

레이어 닫기


 


세계일보 언론사홈 바로가기


 

언론사 구독 후 기사보기



구독 없이 계속 보기",https://n.news.naver.com/mnews/article/022/0003763033
20221210,022,제주에 ‘BTS길’이 있었네… “누군가 잘 알고 싶다면 함께 걸어라” [줌인(人)],"올해로 15주년 맞은 제주올레길 닦은 안은주 대표길 통해 지역·사람 연결하고 관계 회복…“최고의 접대는 함께 걷는 것”제주 구석구석 뻗은 437㎞ 올레…추자도 새 코스 개장하며 27코스로15년간 언론인으로 일하다 ‘길멍’에 빠져…지난 2월 후임 대표로 취임이미 완주자 1000만명 넘어…“순례길처럼 1000년 가는 길 되길 바라”트레일 국제 모임 제주 발원…“그들은 올레를 트레일계 BTS라 부른다”산책은 목적지를 향한 걸음과는 다르다. 산책에 나서는 이는 바삐 걷지 말고, 마음은 가벼워야 한다. 그래야 주변을 둘러보는 여유가 생겨나고, 일상에 지친 나를 오롯이 자연에 맡긴 채 쉴 수 있다. 산책을 목적으로 만들어진 길은 그래서 특별하다.  



   지난해 가을 제주올레 21코스를 걷고 있는 올레꾼(올레길 걷는 사람)들. 하도리(제주해녀박물관)에서 종달리(종달바당)까지 이어지는 21코스는 구좌읍의 바다를 바라보며 시작하여 마을과 밭길, 바닷길, 오름 등 제주 동부의 자연을 고르게 체험하는 길이다. 제주올레 제공    7일 서울 용산구 남영동 한 카페에서 만난 안은주 제주올레 대표는 “손님이 왔을 때 최고의 접대는 함께 걷는 것”이라며 “누군가를 잘 알고싶다면 같이 걸으라”고 조언했다. 제주도에서 올레길을 시작하고, 세계적인 브랜드로 키운 안 대표는 길이 지역과 사람을 연결하고, 관계성을 회복하는 모습을 가장 가까이에서 지켜봐왔다.     “제주 올레를 시작하기 전까지는 걷는 여행이 이렇게 좋은지 몰랐다. 제주 올레 1코스를 만들고 후배들과 같이 가서 걸었는데 색다른 제주도를 발견한 듯 했다. 신혼여행으로 제주도를 갔었는데 그때보다도 좋더라. 이제는 걷기에 중독된 것 같다.”     안 대표는 시사저널, 시사IN에서 약 15년 동안 기자생활을 했다. 같은 언론사 선배였던 서명숙 이사장이 2007년 제주올레를 발족하자, 그는 잠깐씩 일을 돕다 다음해인 2008년부터 본격적으로 합류했다. 처음에는 기자를 그만둘 생각이 아니었지만, 막상 가서 보니 기자로 일할 때보다 행복했고, 결국 생각지 않았던 다른 인생의 갈림길로 나아가게 됐다.  



   안은주 제주올레 대표가 7일 서울 용산구 남영동 한 카페에서 “누군가를 잘 알고싶다면 같이 걸으라”고 조언하며 환하게 웃고 있다. 조성민 기자    “당시 서 선배가 제주도로 내려가 퇴직금 털어서 길을 내고 있었다. 처음엔 편집국장까지 했던 분이 보도자료 쓰고 홈페이지에 댓글달고 하는걸 보고 좀 도와주려했다. 그래서 ‘그러지 말고, 후원금을 받아서 운영자금을 마련하라’고 조언했는데, 대뜸 ‘그러면 네가 내려와서 후원시스템 만들어주고 가라’ 하더라. 시사IN이 창간한지도 1년 밖에 안된 때 였지만, 양해를 구하고 4개월 무급 휴직을 받아 제주도로 갔다. 후원, 자원봉사 시스템 등 운영을 위한 기틀을 잡는 일을 했는데 이 길에서 만난 사람들이 너무 행복해 하는 모습을 보고 문득 그런 생각이 들었다. 내가 그간 쓰던 기사가 이만큼 사람들을 행복하게 했을까.”     올해 창립 15주년을 맞은 사단법인 제주올레가 이사장과 법인대표 직제를 분리 운영키로 결정하면서, 그는 지난 2월 대표직을 맡았다. 안 대표는 취임과 함께 새 미션 ‘우리는 걷는다, we walk’를 내걸었다. 제주 올레길을 완주한 이만 해도 1000만명. 그동안 걸을만한 길을 닦기 위한 여정에 집중했다면 앞으로는 지역, 이웃, 환경을 위한 프로젝트로 확장하겠다는 의미를 담았다.     “15년동안 많이도 걸었다. 걸으면서 내 몸과 마음을 힐링하라는 게 (그간의) 주제였다. 이젠 좀 다른 사람을 위해서도 뭔가 할 때가 됐다고 생각했고, 걷는 사람과 지역민, 인간과 자연 등 공존을 꾀하는 방안을 더 많이 찾고자 한다. 캐치프레이즈 ‘놀멍, 쉬멍, 걸으멍’에도 ‘꿈꾸멍, 나누멍’을 추가했다. 지속가능성을 목표로 길도 사람도 변해야 한다.”   



   안은주 제주올레 대표(왼쪽 두번째)가 지난해 봄 탐사팀과 올레길 4코스를 정비하며 이야기를 나누고 있다. 제주올레 제공    27개 코스, 총 길이 437㎞에 이르는 제주 올레길은 이제 규모로서는 충분한 수준에 이르렀다. 2007년 9월 첫번째 코스를 개장했고 2012년 11월 26번째 코스인 21코스를 열면서 제주 섬의 큰 원형 루트가 완성 됐다. 올 6월에는 추자도에 18-2코스를 추가 개장하면서 총 27개 코스가 됐다. 제주올레길이 통과하는 제주의 마을만 해도 약 130여개 읍, 면, 동에 이른다. 다만 길은 내는 것보다 유지 관리가 더 어렵고 중요하다. 안 대표는 생긴지 1000년이 됐다는 산티아고 순례길을 예로 들며 올레길도 1000년 동안 걸을 수 있는 길로 만들고 싶다고 했다.     “제주도 구석구석 퍼져있는 올레길은 제주를 가장 깊이 있고 입체적으로 만날수 있는 생태여행 플랫폼이다. 차에 탄채로 점을 찍고 다니던 그동안의 제주 여행과 달리 올레길에 다녀온 사람들은 자연스레 제주도를 더 사랑하게 된다. 그렇게 머무는 시간이 길어지고, 이주하는 사람도 늘었다. 올레의 생명력은 제주도의 지속가능성하고 맞물려있다. 그렇기에 올레를 만들고 관리할 때 제주의 환경, 지역성, 지역민들을 생각하지 않을 수 없다. 길을 통한 상생을 바탕으로 지속가능한 운영 관리 시스템을 강화하는 게 차기 목표다.”     안 대표는 제주를 아끼고 사랑하는 방법이자, 올레길을 즐기는 다른 방식으로 제주올레가 주관하는 환경 캠페인을 제안했다. 올레길을 걸으며 쓰레기를 줍는 환경정화 활동 ‘클린올레’부터 ‘나·꽁·치’(나부터 꽁초를 치우자), 제주 해안에 밀려드는 해양쓰레기 수거 캠페인 ‘바당길, 깨끗하길’까지 다양한 활동을 통해 누구나 ‘제주 지킴이’로 거듭날 수 있다는 설명이다.  



   안은주 제주올레 대표(왼쪽)과 서명숙 이사장이 지난 7월 스페인 산티아고길과 공동완주협약 맺고 간세와 돌하르방을 설치한 뒤 기념촬영하고 있다. 제주올레 제공    “2009년부터 시작한 ‘클린올레’는 벌써 10년이 넘었다. 일반 관광객이 다니지 않는 곳으로 길을 낸 올레길 특성상 지역에 수십년 묵은 쓰레기가 드러나는 계기로 작용했다. 여행자들이 쓰레기를 줍는 모습은 주민들의 인식을 바꾸는 데도 역할을 했다. ‘나·꽁·치’는 풍광 좋은 곳은 다 담배꽁초의 무덤이라는 말이 있을 정도로 문제였기에 별도 캠페인으로 만들었다. 바다에서 떠밀려 오는 쓰레기는 개개인이 치우는 데 한계가 있기에, 10명 이상의 단체가 모이면 장비를 제공하고, 모인 해양 쓰레기는 따로 처리하고 있다. 이런 캠페인은 환경정화의 의미도 있지만, 행동의 변화를 유도하는데 효과적이다. 한 번 쓰레기를 주워본 경험이 있는 사람들은 죄의식이 생겨서 이후 함부로 쓰레기를 버리지 않기 때문이다.”     그렇다면 최초의 올레길부터 27번째까지 손수 일궈온 안 대표가 가장 추천하는 코스는 어딜까.     “항상 코스를 추천해달라고 하면 최근에 걸은 곳을 이야기하는 편이다. 아니면 숙소와 가까운 코스를 선택하라고 말한다. 어느 하나 빼놓을 곳이 없기 때문이다. 그래도 굳이 맛뵈기 코스를 하나 골라달라고 하면 보통 초심자가 걷기 쉽고 무난한 5, 6코스를 추천한다. 압축적으로 올레길을 경험하고 싶다는 분들에게는 1, 10코스를 권하곤 했다. 만약 죽기 전에 딱 한 곳만 걸을 수 있다면 추자도 올레코스를 걸어보라고 하겠다.”  



   안은주 제주올레 대표(왼쪽 두번째) 지난 1∼5일 대만에서 열린 제4회 아시아트레일즈컨퍼런스에서 10여년동안 교류해온 캐나다브루스트레일 관리위원회 재키 랜들(왼쪽)과 애팔래치안트레일 보호정책위원회 로라 벨래빌과 함께 기념사진을 찍고 있다. 제주올레 제공    올해로 15주년을 맞이한 올레길은 크게 성장했지만, 세계의 많은 길이 가진 역사에 비춰보면 이제 막 걸음마를 뗀 수준이다. 그런데도 세계 트레일 분야에서는 입지가 두텁다. 각종 국제 컨퍼런스 등 교류에 앞장서며 각국에 존재감을 알려왔기 때문이다. 해외에서는 올레를 ‘트레일계의 BTS’라고 추켜세울 정도다.     “올레는 본래 집에서 거리로 나가는 길을 가리킨다. 그 이름처럼 제주와 육지를, 제주와 세계를 연결하는 길이 됐으면 하는 염원을 담고 있다. 2010년 월드트레일즈컨퍼런스(WTC)를 시작했는데, 만나고 보니 이게 세계 트레일 관계자들이 처음으로 한자리에 모인 거였다. 5년 동안 제주에서 매년 개최했고, 지금은 2년에 한 번씩 나라별로 돌아가면서 하고 있다. 월드트레일즈컨퍼런스는 이제 21개국 300여명이 모이는 세계 트레일 네트워크 교류의 대표적인 장이 됐다. 최근 대만에서 열린 아시아트레일즈컨퍼런스(ATC)도 참가하고 돌아왔는데, 국제 컨퍼런스에 갈때마다 관계자들이 입을 모아 ‘우리의 싹을 틔운 것이 한국의 제주올레’라며 K트레일, 트레일계 BTS라고 부른다. 그럴때마다 이 일을 하길 참 잘했다는 생각이 든다.”      앞으로도 제주올레는 어떻게 변화하고 발전할까.  



   지난달 안은주 제주올레 대표 등을 포함, 몽골, 규슈, 미야기올레에서 온 자매의 길 관계자들이 올레길 11코스를 함께 걷기 전 출정식하는 모습. 제주올레 제공    “지속가능성을 위한 토대를 굳건히 하려한다. 2016년 제주올레 여행자 센터를 열고 길과 공간이 함께 있는 모델에 대한 확신을 얻었다. 다만 옛날 건물을 재활용해 쓰다보니 장애인 등 접근성 문제가 있다. 앞으로는 유니버설 디자인을 적용해 개선할 생각이다. 늘 완주자들의 이야기를 경청하려고 노력한다. 최근 시각장애인 완주자들과 이야기 나누며 같이 걸을 수 있는 자원봉사자 시스템을 고안했다. 프랑스와 독일에서 온 청각장애인 완주자들에게서는 4코스에 해안도로가 겹쳐져 있어 차가 올까 불안해 자꾸 뒤를 돌아봤다는 말을 듣게 됐다. 생각지 못했던 부분이라 놀랍고 또 부끄러웠다. 누구나 올레를 즐길 수 있게 보완하는 것도 당면 과제다. 자매의 길, 우정의 길도 각국에 계속 확장해 나갈 생각이다. 길을 교류하는 데 그치지 않고, 서로의 문화를 교류하는 장이 되도록 기획하려 한다.”  








조성민 기자 josungmin@segye.com




기자 프로필




















조성민 기자






구독


구독중





구독자 0




응원수
0







끊임없이 고민하고 끝까지 쓰겠습니다.




MZ 대표론에 “이준석은 왜 내쳤나”…與 당권 두고 각종 풍문 [뉴스+]


화물연대 강경대응에 움직인 민심… 尹 지지율 5개월 만에 40% 돌파







세계일보의 구독 많은 기자


세계일보 기사를 더 보고 싶다면?
								구독

세계일보 언론사 구독되었습니다. 메인 뉴스판에서 세계일보 주요뉴스를  볼 수 있습니다.
보러가기


세계일보 언론사 구독 해지되었습니다.


닫기








Copyright ⓒ 세계일보. All rights reserved. 무단 전재 및 재배포 금지.

 
이 기사는 언론사에서 생활 섹션으로 분류했습니다.

기사 섹션 분류 안내
기사의 섹션 정보는 해당 언론사의 분류를 따르고 있습니다. 언론사는 개별 기사를 2개 이상 섹션으로 중복 분류할 수 있습니다.
닫기











구독
메인에서 바로 보는 언론사 편집 뉴스 지금 바로 구독해보세요!


구독중
메인에서 바로 보는 언론사 편집 뉴스 지금 바로 확인해보세요! 보러가기












			주요뉴스해당 언론사에서 선정하며 언론사 페이지(아웃링크)로 이동해 볼 수 있습니다.


전여친 계좌에 1원씩 120차례 송금한 30대 '집유'
""MBC 기자 예의 없다더니… 슬리퍼 신고 다리 꼰 김건희"" 외교 결례 지적, 알고 보니
""아직도 전화번호 못 지워"" 은지원, 세상 떠난 父 그리움에 눈물도
'황희찬 브라톱' 따라한 유병재에 축구협회가 남긴 댓글
'환자 마취 뒤 성관계' 의사, 성범죄는 무죄








이 기사를 추천합니다


기사 추천은 24시간 내 50회까지 참여할 수 있습니다.
닫기






쏠쏠정보
0




흥미진진
0




공감백배
0




분석탁월
0




후속강추
0


 




 












모두에게 보여주고 싶은 기사라면?beta

이 기사를 추천합니다 버튼을 눌러주세요.  집계 기간 동안 추천을 많이 받은 기사는 네이버 자동 기사배열 영역에 추천 요소로 활용됩니다.

레이어 닫기


 


세계일보 언론사홈 바로가기


 

언론사 구독 후 기사보기



구독 없이 계속 보기",https://n.news.naver.com/mnews/article/022/0003763032
20221210,022,"中, 방역 완화 후 신규확진자 급감… 통계 불신 확산","중국 당국이 방역을 완화한 뒤 중국의 코로나19 신규 감염자가 급감한 것으로 발표되고 있지만 실제 상황은 다르다는 불신이 커지고 있다.  



   지난 9일(현지시간) 중국 베이징의 한 병원 열병진료소 앞에서 방역복을 입은 의료진이 장비를 준비하고 있다. 베이징=AP연합뉴스    10일 중국 국가위생건강위원회에 따르면 전날 중국 본토 코로나19 신규 감염자는 1만2272명으로 하루 전보다 3091명 감소한 것으로 집계됐다. 이 중 유증상자는 2721명, 무증상자는 1만551명이었다.     이는 역대 최고였던 지난달 27일(3만8808명)에 비해 70%가량 감소한 수치다. 한때 하루 신규 감염자가 1만명대에 육박했던 광둥(2812명), 충칭(2359명)과 5000명을 넘어섰던 베이징(2223명) 모두 2000명대로 떨어지는 등 대부분 지역에서 급감했다.     하지만 웨이보 등 사회관계망서비스(SNS)에서는 방역 완화 이후 유전자증폭(PCR) 검사 감소 등에 따른 착시 현상으로, 실제 감염자 수는 당국의 발표보다 훨씬 많을 것이라는 주장이 제기됐다. 한 네티즌은 “의심 증세가 있어 PCR 검사를 하려고 했지만, 검사소를 찾지 못해 포기했다. 분명히 양성일 것”이라며 “주변에 나 같은 사람이 많다”고 말했다. 또 다른 네티즌은 “신속 항원 검사에서 양성 반응이 나왔지만, PCR 검사를 하지않는 사람들이 늘고 있다”며 “병원에 가도 특별한 처방이 없고, 자가 격리하거나 심한 경우 병원에 격리돼야 하는데 누가 자진해서 매를 벌겠느냐”고 꼬집었다.  



   지난 9일(현지시간) 중국 베이징의 한 약국 앞에 시민들이 줄을 서있는 가운데 한 남성이 자신이 구입한 약을 살펴보고 있다. 베이징=AP연합뉴스    방역 완화 이후 PCR 검사소를 대거 폐쇄한 지방정부들이 재정 부담을 덜기 위해 되도록 PCR 검사를 받지 말라고 권유하면서 검사자가 줄어든 것도 감염자들을 제대로 가려내지 못하는 요인으로 꼽힌다. 불신과 혼란만 증폭시킬 바에야 신규 감염자 통계를 발표하지 않는 게 낫다는 주장도 나온다. 웨이보에는 “방역이 완화돼 유동 인구와 대면 접촉이 늘었을 텐데 신규 감염자가 갑자기 크게 줄었다는 것을 믿을 수 있겠느냐”며 “검사자 수를 이전과 비교하는 등 보정된 통계를 밝히든가, 아예 발표하지 않는 것이 당국의 권위를 지킬 수 있을 것”이라는 등의 글이 잇따랐다.




이우중 기자 lol@segye.com




기자 프로필




















이우중 기자






구독


구독중





구독자 0




응원수
0







각종 제보 환영합니다.




유기견 지원 ‘文 달력’ 펀딩에 與 “풍산개 버리면서…모순덩어리”


총파업 철회했지만… 원희룡 “안전운임 연장안 무효 된 것”







세계일보의 구독 많은 기자


세계일보 기사를 더 보고 싶다면?
								구독

세계일보 언론사 구독되었습니다. 메인 뉴스판에서 세계일보 주요뉴스를  볼 수 있습니다.
보러가기


세계일보 언론사 구독 해지되었습니다.


닫기








Copyright ⓒ 세계일보. All rights reserved. 무단 전재 및 재배포 금지.

 
이 기사는 언론사에서 세계 섹션으로 분류했습니다.

기사 섹션 분류 안내
기사의 섹션 정보는 해당 언론사의 분류를 따르고 있습니다. 언론사는 개별 기사를 2개 이상 섹션으로 중복 분류할 수 있습니다.
닫기











구독
메인에서 바로 보는 언론사 편집 뉴스 지금 바로 구독해보세요!


구독중
메인에서 바로 보는 언론사 편집 뉴스 지금 바로 확인해보세요! 보러가기












			주요뉴스해당 언론사에서 선정하며 언론사 페이지(아웃링크)로 이동해 볼 수 있습니다.


전여친 계좌에 1원씩 120차례 송금한 30대 '집유'
""MBC 기자 예의 없다더니… 슬리퍼 신고 다리 꼰 김건희"" 외교 결례 지적, 알고 보니
""아직도 전화번호 못 지워"" 은지원, 세상 떠난 父 그리움에 눈물도
'황희찬 브라톱' 따라한 유병재에 축구협회가 남긴 댓글
'환자 마취 뒤 성관계' 의사, 성범죄는 무죄








이 기사를 추천합니다


기사 추천은 24시간 내 50회까지 참여할 수 있습니다.
닫기






쏠쏠정보
0




흥미진진
0




공감백배
0




분석탁월
0




후속강추
0


 




 












모두에게 보여주고 싶은 기사라면?beta

이 기사를 추천합니다 버튼을 눌러주세요.  집계 기간 동안 추천을 많이 받은 기사는 네이버 자동 기사배열 영역에 추천 요소로 활용됩니다.

레이어 닫기


 


세계일보 언론사홈 바로가기


 

언론사 구독 후 기사보기



구독 없이 계속 보기",https://n.news.naver.com/mnews/article/022/0003763031
20221210,022,“고맙고 고맙다. 다음 생 있다면 꼭 다시 만나자”… 文 반려견 ‘마루’ 세상 떠났다,"문재인 전 대통령, 직접 페이스북 통해 전해 



   문재인 전 대통령과 반려견 마루. 문 전 대통령 페이스북 갈무리       문재인 전 대통령이 10일 자신과 오래 함께해온 반려견 ‘마루’가 세상을 떠났다는 비보를 전했다.     문 전 대통령은 이날 자신의 페이스북에 올린 글에서 “오늘 마루가 저세상으로 떠났다. 아침 산책 중에 스르르 주저앉았고, 곧 마지막 숨을 쉬었다”고 밝혔다.     그는 “(마루는) 고통이나 신음소리 없이 편안한 표정으로 갔다”면서 “산책길에 요즘 즐겨 먹던 떨어진 홍시감을 맛있게 먹기도 했다”고 마루의 생전 마지막 모습을 전했다.     풍산개인 마루는 문 전 대통령이 취임 전부터 경남 양산 사저에서 키워오던 반려견으로, 취임 이후 청와대 관저에서 다른 반려동물들과 함께 길러졌다. 지난해에는 김정은 북한 국무위원장으로부터 선물 받은 풍산개 한 쌍(곰이·송강) 중 암컷인 ‘곰이’와의 사이에서 새끼 7마리(아름·다운·강산·봄·여름·가을·겨울)를 낳기도 했다.     문 전 대통령은 “마루는 내가 참여정부를 마치고 양산 매곡 골짜기에서 살기 시작할 때부터 지금까지 긴 세월 격변의 기간 동안 우리 가족의 든든한 반려였고, 많은 위로와 행복을 주었다. 내게는 더없이 고마운 친구였다”고 회상했다.     문 전 대통령은 또 “마루는 매곡 골짜기에서 제일 잘생기고 위엄있는 수컷이었고, 2세도 많이 퍼트렸다”면서 “매곡의 뒷산 대운산 자락을 맘껏 뛰어다녔고, 청와대에 살면서 북한 풍산개 곰이와 사랑을 나누고 남북합작을 만들어 내기도 했으니 그만하면 잘 산 견생이었다”고 했다.     



   문재인 전 대통령 페이스북 글 갈무리.       그러면서 “마루는 화장하여 우리집 마당 나무 사이에 수목장으로 묻혔다”고 전했다.     문 전 대통령은 마지막으로 “마루야 고맙고 고맙다. 다음 생이 있다면 더 좋은 인연, 더 좋은 관계로 꼭 다시 만나자. 잘 가라”라며 글을 마쳤다.




현화영 기자 hhy@segye.com




기자 프로필




















현화영 기자






구독


구독중





구독자 0




응원수
0







숨쉬는 한 희망은 있다




“일본 16강 올라 솔직히 얄미웠다” 조규성 발언에 日 언론 ‘발끈’


“90분간 세계 최고의 선수를 벤치에 앉히다니!” 호날두 여친 화났다







세계일보의 구독 많은 기자


세계일보 기사를 더 보고 싶다면?
								구독

세계일보 언론사 구독되었습니다. 메인 뉴스판에서 세계일보 주요뉴스를  볼 수 있습니다.
보러가기


세계일보 언론사 구독 해지되었습니다.


닫기








Copyright ⓒ 세계일보. All rights reserved. 무단 전재 및 재배포 금지.

 
이 기사는 언론사에서 사회 섹션으로 분류했습니다.

기사 섹션 분류 안내
기사의 섹션 정보는 해당 언론사의 분류를 따르고 있습니다. 언론사는 개별 기사를 2개 이상 섹션으로 중복 분류할 수 있습니다.
닫기











구독
메인에서 바로 보는 언론사 편집 뉴스 지금 바로 구독해보세요!


구독중
메인에서 바로 보는 언론사 편집 뉴스 지금 바로 확인해보세요! 보러가기












			주요뉴스해당 언론사에서 선정하며 언론사 페이지(아웃링크)로 이동해 볼 수 있습니다.


전여친 계좌에 1원씩 120차례 송금한 30대 '집유'
""MBC 기자 예의 없다더니… 슬리퍼 신고 다리 꼰 김건희"" 외교 결례 지적, 알고 보니
""아직도 전화번호 못 지워"" 은지원, 세상 떠난 父 그리움에 눈물도
'황희찬 브라톱' 따라한 유병재에 축구협회가 남긴 댓글
'환자 마취 뒤 성관계' 의사, 성범죄는 무죄








이 기사를 추천합니다


기사 추천은 24시간 내 50회까지 참여할 수 있습니다.
닫기






쏠쏠정보
0




흥미진진
0




공감백배
0




분석탁월
0




후속강추
0


 




 












모두에게 보여주고 싶은 기사라면?beta

이 기사를 추천합니다 버튼을 눌러주세요.  집계 기간 동안 추천을 많이 받은 기사는 네이버 자동 기사배열 영역에 추천 요소로 활용됩니다.

레이어 닫기


 


세계일보 언론사홈 바로가기


 

언론사 구독 후 기사보기



구독 없이 계속 보기",https://n.news.naver.com/mnews/article/022/0003763030
20221210,022,“남자→여자로 성전환…인기 얻자 ‘사칭 빌런’ 꼬이기도” 풍자의 고백,-1,https://n.news.naver.com/mnews/article/022/0003763029
20221210,022,"中 방역전문가 ”중의학, 양방보다 코로나19 치료에 효과적”","“일반 감염자·경증자, 중의학 치료…중환자, 중방·양방치료 병행 해야”“발열·인후통 등 오미크론 감염 증상 해소시간↓…위·중증 악화 막아” 



   9일 중국 베이징의 마스크를 쓰고 휠체어에 앉은 한 노인이 가족의 부축을 받으며 병원을 방문하고 있다. 베이징=AP/뉴시스       중국의 방역 전문가가 신종 코로나바이러스 감염증(코로나19) 치료에 양방보다 중의학이 더 효과적이라고 주장했다.     특히 오미크론 변이에 감염돼 나타나는 발열과 인후통 등 증상 해소 시간을 줄이고 위‧중증으로 악화되는 것을 막는다고 강조했다.     중국 방역 전문가가 코로나19 치료에 양방보다 중의학이 더 효과적이라는 주장을 했다고 북경일보 등 현지 매체가 10일 보도했다.     10일 북경일보 등 현지 매체의 보도에 따르면 중국의 방역 전문가 그룹 일원인 류칭취안 베이징 중의원 원장은 전날 가졌던 중국 국무원 질병통제예방센터(CCDC) 기자회견에서 “각종 유형의 코로나19 치료에 중의학 치료가 (양방에 비해) 훨씬 효능이 있다”며 이 같이 밝혔다.     류 원장은 “코로나19 일반 감염자나 경증 증상자는 중의학 치료를 받고, 불편한 증상이 나타나면 중의약을 복용하면 개선될 수 있다”며 “중의약은 특히 오미크론 변이에 감염돼 나타나는 발열, 인후통, 골절통증, 피로 등을 해소하는 시간을 줄이고, 위·중증으로 발전하는 것을 막는다”고 말했다.     이어 “중환자의 경우, 중방과 양방 치료를 병행하는 게 좋다”며 “중의약은 발열과 염증 해소, 위장 기능 개선에 효과적 역할을 하기 때문에 치료에 훨씬 효과적”이라고 설명했다.     또한 그는 건강이 회복된 감염자는 침술, 추나요법 등 중의 중의학 치료를 통해 정서 안정, 체질과 면역력 향상을 촉진할 수 있다고 덧붙였다.     



   중국에서 코로나19 감염자들에게 지급하는 탕제약(왼쪽)과 중국 독감 치료제 '롄화칭원'. 연합뉴스       중국은 방역 완화 이전 병원에 격리 수용한 코로나19 감염자들에게 중국의 독감 치료제인 ‘롄화칭원’이나 한약재를 달인 탕약제를 지급했으며, 지린성에서는 지난 4월 중의학 의사들이 순회하며 감염자들에게 경혈과 추나요법 등 비약물 치료를 해줬다.     이에 대해 라오이 베이징 수도의과대 학장 등 일부 의학 전문가들은 효능이 입증되지 않은 의약품을 코로나19 치료제로 무분별하게 사용하는 것에 대해 우려를 표시한 바 있다.     한편, 중국인들은 방역 완화 이후 코로나19 감염을 우려해 롄화칭원과 해열 진통제는 물론 가정용 가습기를 대거 구매하고 있다.     최근에는 코로나19에 효능이 있다는 소문이 퍼지면서 복숭아 통조림도 불티나게 팔리고 있다.




이승구 온라인 뉴스 기자 lee_owl@segye.com




Copyright ⓒ 세계일보. All rights reserved. 무단 전재 및 재배포 금지.

 
이 기사는 언론사에서 세계 섹션으로 분류했습니다.

기사 섹션 분류 안내
기사의 섹션 정보는 해당 언론사의 분류를 따르고 있습니다. 언론사는 개별 기사를 2개 이상 섹션으로 중복 분류할 수 있습니다.
닫기











구독
메인에서 바로 보는 언론사 편집 뉴스 지금 바로 구독해보세요!


구독중
메인에서 바로 보는 언론사 편집 뉴스 지금 바로 확인해보세요! 보러가기












			주요뉴스해당 언론사에서 선정하며 언론사 페이지(아웃링크)로 이동해 볼 수 있습니다.


전여친 계좌에 1원씩 120차례 송금한 30대 '집유'
""MBC 기자 예의 없다더니… 슬리퍼 신고 다리 꼰 김건희"" 외교 결례 지적, 알고 보니
""아직도 전화번호 못 지워"" 은지원, 세상 떠난 父 그리움에 눈물도
'황희찬 브라톱' 따라한 유병재에 축구협회가 남긴 댓글
'환자 마취 뒤 성관계' 의사, 성범죄는 무죄








이 기사를 추천합니다


기사 추천은 24시간 내 50회까지 참여할 수 있습니다.
닫기






쏠쏠정보
0




흥미진진
0




공감백배
0




분석탁월
0




후속강추
0


 




 












모두에게 보여주고 싶은 기사라면?beta

이 기사를 추천합니다 버튼을 눌러주세요.  집계 기간 동안 추천을 많이 받은 기사는 네이버 자동 기사배열 영역에 추천 요소로 활용됩니다.

레이어 닫기


 


세계일보 언론사홈 바로가기


 

언론사 구독 후 기사보기



구독 없이 계속 보기",https://n.news.naver.com/mnews/article/022/0003763028
20221210,022,"둘째 임신 중 8시간 대청소? 최희, ‘한강뷰’ 집 얼마나 넓길래?",-1,https://n.news.naver.com/mnews/article/022/0003763027
20221210,022,野 “예산안 협상 타결 관계없이 11일 이상민 해임건의안 처리”,"더불어민주당 박홍근 원내대표가 지난 9일 국회 원내대표실에서 여야 예산안 협상 과정을 설명하고 있다. 연합뉴스    더불어민주당은 여야 간 예산안 협상이 결렬돼도 11일 오전에 본회의를 열어 이상민 행정안전부 장관 해임건의안을 처리할 전망이다.     지난 8일 본회의에 보고된 이 장관의 해임건의안 처리 시한은 11일로, 민주당은 11일 오전 9시 의원총회를 소집했다. 박홍근 원내대표는 10일 민주당 의원들에게 보낸 공지를 통해 “협상이 타결되면 내일(11일) 오전 본회의를 소집해 예산안과 함께 행정안전부 장관 해임건의안을 처리할 방침”이라며 “그러나 예산안 협상이 끝내 결렬돼도 해임건의안만큼은 내일 오전 본회의를 열어 처리해야 한다”고 밝혔다. 이수진 원내대변인은 이날 기자들과 만나 “의장에게 본회의를 열어달라고 요청했다”며 “내일이라도 열어주는 게 형평성에 맞다”고 말했다.     민주당은 법인세 인하를 주장하는 국민의힘에 대해서도 날을 세웠다. 이경 상근부대변인은 이날 논평을 내고 “국민의힘은 ‘야당이 민생예산을 발목잡고 있다’는 거짓말로 국민을 속이고 있다”며 “소수 특권층만을 위한 세금 감면 예산을 어떻게 민생 예산이라 할 수 있느냐”고 비판했다. 국민의힘이 과세표준 3000억원 이상 기업의 법인세 최고세율을 현행 25%에서 22%로 낮추자고 주장하는 데 대해서는 “우리나라 법인 84만여개 중 연 3000억원의 영업이익을 내는 기업은 100여개 남짓”이라며 “대기업만을 위한 법인세 인하를 고집한다”고 지적했다. 그러면서 “금융투자소득세, 상속세, 주식양도세도 모두 소수 특권층만 낼 수 있는 세금인데도 정부·여당은 폐지나 감면을 고수하고 있다”고 덧붙였다.




이우중 기자 lol@segye.com




기자 프로필




















이우중 기자






구독


구독중





구독자 0




응원수
0







각종 제보 환영합니다.




유기견 지원 ‘文 달력’ 펀딩에 與 “풍산개 버리면서…모순덩어리”


총파업 철회했지만… 원희룡 “안전운임 연장안 무효 된 것”







세계일보의 구독 많은 기자


세계일보 기사를 더 보고 싶다면?
								구독

세계일보 언론사 구독되었습니다. 메인 뉴스판에서 세계일보 주요뉴스를  볼 수 있습니다.
보러가기


세계일보 언론사 구독 해지되었습니다.


닫기








Copyright ⓒ 세계일보. All rights reserved. 무단 전재 및 재배포 금지.

 
이 기사는 언론사에서 정치 섹션으로 분류했습니다.

기사 섹션 분류 안내
기사의 섹션 정보는 해당 언론사의 분류를 따르고 있습니다. 언론사는 개별 기사를 2개 이상 섹션으로 중복 분류할 수 있습니다.
닫기











구독
메인에서 바로 보는 언론사 편집 뉴스 지금 바로 구독해보세요!


구독중
메인에서 바로 보는 언론사 편집 뉴스 지금 바로 확인해보세요! 보러가기












			주요뉴스해당 언론사에서 선정하며 언론사 페이지(아웃링크)로 이동해 볼 수 있습니다.


전여친 계좌에 1원씩 120차례 송금한 30대 '집유'
""MBC 기자 예의 없다더니… 슬리퍼 신고 다리 꼰 김건희"" 외교 결례 지적, 알고 보니
""아직도 전화번호 못 지워"" 은지원, 세상 떠난 父 그리움에 눈물도
'황희찬 브라톱' 따라한 유병재에 축구협회가 남긴 댓글
'환자 마취 뒤 성관계' 의사, 성범죄는 무죄








이 기사를 추천합니다


기사 추천은 24시간 내 50회까지 참여할 수 있습니다.
닫기






쏠쏠정보
0




흥미진진
0




공감백배
0




분석탁월
0




후속강추
0


 




 












모두에게 보여주고 싶은 기사라면?beta

이 기사를 추천합니다 버튼을 눌러주세요.  집계 기간 동안 추천을 많이 받은 기사는 네이버 자동 기사배열 영역에 추천 요소로 활용됩니다.

레이어 닫기


 


세계일보 언론사홈 바로가기


 

언론사 구독 후 기사보기



구독 없이 계속 보기",https://n.news.naver.com/mnews/article/022/0003763026
20221210,022,"1857년 침몰 난파선서 찾은 청바지, 1억5000만원에 팔렸다","美서 열린 경매에 나온 19세기 ‘골드러시’ 관련 유물 270점 중 하나‘세계 최초 청바지’ 보다 최소 16년 이상 앞서 제작된 것으로 추정리바이스측 “우리가 만든 것 아냐…광부 작업복도 아닌 듯” 선그어 



   1857년 난파선에서 나온 작업복 바지. AP 연합뉴스       1800년대 침몰된 난파선에서 발견된 오래된 청바지 한벌이 1억5000만원 정도에 낙찰돼 화제가 되고 있다.      이 바지는 기존 ‘세계 최초 청바지’ 기록보다 최소 16년 이상 더 오래전에 만들어진 작업용 바지로 추정된다.      9일(현지시간) AP 통신의 보도에 따르면 미국 경매사 홀라버드 웨스턴 아메리칸 컬렉션은 최근 네바다 주 리노에서 열린 경매에서 1857년 노스캐롤라이나 주 해안에서 침몰한 난파선의 짐가방에서 발견된 작업용 바지 한 벌이 11만4000달러(약 1억4888만원)에 낙찰됐다.      이 청바지는 이날 경매에 나와 총 100만 달러(약 13억1000만원) 정도에 판매된 19세기 서부 개척시대 금광 개발 광풍, 이른바 ‘골드러시’ 관련 유물 270점 중 하나다.      이 바지는 단추 5개가 달린 흰색 작업용 바지로, 리바이스가 1873년 세계에서 최초로 만든 ‘501’ 청바지보다 최소 16년 일찍 만들어진 것이라고 경매사 측은 설명했다.      일각에서는 이 바지가 리바이스 창업자이자 부유한 건자재 도매상이었던 리바이 스트라우스와 연관됐을 가능성이 크며, 역사적으로 상징적인 의미를 갖는 물건이 될 수 있다는 평가가 나온다.      



   1857년 난파선에서 나온 보물상자 뚜껑. AP 연합뉴스       그러나 리바이스 측은 이 바지에 쓰인 소재가 청바지에 일반적으로 쓰이는 데님 천이 아닌 다른 직물이 쓰인 점 등을 이유로 자사에서 만든 청바지가 아니라고 선을 그었다.     리바이스사의 역사·기록 담당자인 트레이시 패넥은 AP와 이메일 인터뷰에서 “이 바지의 기원에 대한 어떤 언급도 추정에 불과하다”며 “리바이스가 만든 것도 아니고, 광부의 작업 바지도 아닌 것으로 보인다”라고 밝혔다.      다만 제조사와 관계없이 이 바지는 1857년 9월 12일 배가 침몰하기 전에 만들어진 것은 분명하다고 AP는 지적했다.      유물을 경매에 내놓은 소유자인 드와이트 맨리는 “이 광부들의 청바지는 달 표면에 처음 꽂은 깃발처럼 역사적 순간을 보여준다”며 “리바이스 것인지는 100% 확신할 수는 없지만, 세계 어느 컬렉션에도 나온 적 없는 유일한 골드러시 청바지인 것은 확실하다”라고 말했다.      당시 금광 개발이 성행했던 서부 캘리포니아주의 샌프란시스코에서 출항했던 센트럴아메리카호는 파나마 운하를 거쳐 뉴욕으로 향하던 중 중미를 덮친 허리케인을 만나 해저 2195ｍ 아래로 가라앉고 말았다. 당시 탑승자 중 425명이 숨졌으며 153명만 구조됐다.      1988년 인양·복구작업이 시작된 이후 수천만 달러 이상의 금이 발견돼 판매된 바 있다.




이승구 온라인 뉴스 기자 lee_owl@segye.com




Copyright ⓒ 세계일보. All rights reserved. 무단 전재 및 재배포 금지.

 
이 기사는 언론사에서 세계 섹션으로 분류했습니다.

기사 섹션 분류 안내
기사의 섹션 정보는 해당 언론사의 분류를 따르고 있습니다. 언론사는 개별 기사를 2개 이상 섹션으로 중복 분류할 수 있습니다.
닫기











구독
메인에서 바로 보는 언론사 편집 뉴스 지금 바로 구독해보세요!


구독중
메인에서 바로 보는 언론사 편집 뉴스 지금 바로 확인해보세요! 보러가기












			주요뉴스해당 언론사에서 선정하며 언론사 페이지(아웃링크)로 이동해 볼 수 있습니다.


전여친 계좌에 1원씩 120차례 송금한 30대 '집유'
""MBC 기자 예의 없다더니… 슬리퍼 신고 다리 꼰 김건희"" 외교 결례 지적, 알고 보니
""아직도 전화번호 못 지워"" 은지원, 세상 떠난 父 그리움에 눈물도
'황희찬 브라톱' 따라한 유병재에 축구협회가 남긴 댓글
'환자 마취 뒤 성관계' 의사, 성범죄는 무죄








이 기사를 추천합니다


기사 추천은 24시간 내 50회까지 참여할 수 있습니다.
닫기






쏠쏠정보
0




흥미진진
0




공감백배
0




분석탁월
0




후속강추
0


 




 












모두에게 보여주고 싶은 기사라면?beta

이 기사를 추천합니다 버튼을 눌러주세요.  집계 기간 동안 추천을 많이 받은 기사는 네이버 자동 기사배열 영역에 추천 요소로 활용됩니다.

레이어 닫기


 


세계일보 언론사홈 바로가기


 

언론사 구독 후 기사보기



구독 없이 계속 보기",https://n.news.naver.com/mnews/article/022/0003763025
20221210,022,"“둘이 성관계 해봐” 가출 청소년 돌본다며 성희롱·강제추행 혐의 교사, 항소심도 ‘유죄’","가출 청소년을 보호한다던 교사가 이들에게 성관계를 해보라고 시키는 등 성희롱과 강제추행을 일삼은 혐의로 유죄를 선고받았다.      10일 법조계에 따르면 서울고법 형사4-1부(배광국 오영준 김복형 부장판사)는 실종아동 등의 보호 및 지원에 관한 법률 위반, 아동·청소년의 성보호에 관한 법률 위반(강제추행) 등 혐의로 재판에 넘겨진 A씨에게 징역 1년6개월에 집행유예 2년을 선고했다.     또한 5년간의 아동·청소년 관련기관 취업제한도 명령했다.     인천의 한 고교에서 기간제 교사로 근무하던 A씨는 지난 2020년 4월쯤 자신이 담임으로 있던 학급 제자인 B(당시 16세)군이 가출한 것을 알게 됐고 B군과 그의 여자친구인 C(당시 15세)양을 자신의 집에서 지내도록 했다.     A씨는 이들과 함께 살게 된 지 얼마 지나지 않아 “나이 차이가 얼마 나지 않으니 형이나 오빠라고 불러라”라고 했다.     이에 C양이 따르지 않자 “오빠라고 부르라고 했지, 뭘 잘못했는지 알 때까지 계속 친다”라며 엎드려 있던 C양의 엉덩이를 손으로 수회 쳤다.     A씨는 같은 해 5월 중순엔 B군과 C양이 입맞춤을 하고 있는 것을 본 뒤 “나도 뽀뽀 좋아한다. 나도 뽀뽀해줘”라고 했다. 이어 “내가 지금 조건만남을 하고 왔는데, C양보다 가슴이 크더라”고 말했다.     A씨는 같은 해 6월 초 잠자려고 누워 있던 B군과 C양에게 “내 앞에서 성관계를 해주면 안되겠냐”라는 말도 한 것으로 전해졌다.     이에 B군이 거절하자 “우리 사이가 그것밖에 안 되냐”며 계속해서 성관계를 요구했다고 한다.     A씨의 이런 발언은 B군이 중학교 때 알게 된 선생님과 상담하는 과정에서 드러나게 됐다.     B군이 A씨에 대해 말하자, 선생님이 수사기관에 신고했다.     A씨의 이런 행동에 관해 알게 된 학교는 같은 해 7월 A씨와의 계약을 해지했다.     이후 A씨는 수사를 거쳐 이듬해 재판에 넘겨졌다. 재판 과정에서 A씨는 “C양의 엉덩이를 친 사실이 없으며 뽀뽀를 해달라고 하거나, 성관계를 하라고 요구한 사실도 없다”고 주장했다.     1심 재판부는 A씨의 이런 주장을 받아들이지 않았다. B군과 C양의 진술이 일관되고 구체적인 점을 감안해 혐의를 모두 유죄로 인정, 징역 1년6개월에 집행유예 2년을 선고했다.     당시 재판부는 “교사로서 피해자들을 보호하고 올바른 방향으로 지도·교육할 의무가 있음에도 가출을 묵인·방조하고 공공연하게 성매매 사실을 말하면서 공소사실과 같은 범행을 저지른 점, 범행의 경위와 수법 등을 고려할 때 죄책이 가볍지 않다”고 양형 이유를 밝혔다.     이후 검찰과 A씨 측 모두 ‘양형부당’을 이유로 항소했지만, 항소심 판단은 바뀌지 않았다.     항소심 재판부는 “현재까지 피해회복을 위한 조치가 이뤄지지 않는 등 피고인은 피해자들로부터 용서를 받지도 못했다”면서도 “피고인이 범행을 모두 인정하면서 반성하는 태도를 보이고 있으며 형사처벌을 받은 전력이 없는 초범인 점 등을 고려해 원심 형이 너무 무겁거나 가벼워 부당하다고 보이지 않는다”라며 항소를 기각했다.




현화영 기자 hhy@segye.com




기자 프로필




















현화영 기자






구독


구독중





구독자 0




응원수
0







숨쉬는 한 희망은 있다




“일본 16강 올라 솔직히 얄미웠다” 조규성 발언에 日 언론 ‘발끈’


“90분간 세계 최고의 선수를 벤치에 앉히다니!” 호날두 여친 화났다







세계일보의 구독 많은 기자


세계일보 기사를 더 보고 싶다면?
								구독

세계일보 언론사 구독되었습니다. 메인 뉴스판에서 세계일보 주요뉴스를  볼 수 있습니다.
보러가기


세계일보 언론사 구독 해지되었습니다.


닫기








Copyright ⓒ 세계일보. All rights reserved. 무단 전재 및 재배포 금지.

 
이 기사는 언론사에서 사회 섹션으로 분류했습니다.

기사 섹션 분류 안내
기사의 섹션 정보는 해당 언론사의 분류를 따르고 있습니다. 언론사는 개별 기사를 2개 이상 섹션으로 중복 분류할 수 있습니다.
닫기











구독
메인에서 바로 보는 언론사 편집 뉴스 지금 바로 구독해보세요!


구독중
메인에서 바로 보는 언론사 편집 뉴스 지금 바로 확인해보세요! 보러가기












			주요뉴스해당 언론사에서 선정하며 언론사 페이지(아웃링크)로 이동해 볼 수 있습니다.


전여친 계좌에 1원씩 120차례 송금한 30대 '집유'
""MBC 기자 예의 없다더니… 슬리퍼 신고 다리 꼰 김건희"" 외교 결례 지적, 알고 보니
""아직도 전화번호 못 지워"" 은지원, 세상 떠난 父 그리움에 눈물도
'황희찬 브라톱' 따라한 유병재에 축구협회가 남긴 댓글
'환자 마취 뒤 성관계' 의사, 성범죄는 무죄








이 기사를 추천합니다


기사 추천은 24시간 내 50회까지 참여할 수 있습니다.
닫기






쏠쏠정보
0




흥미진진
0




공감백배
0




분석탁월
0




후속강추
0


 




 












모두에게 보여주고 싶은 기사라면?beta

이 기사를 추천합니다 버튼을 눌러주세요.  집계 기간 동안 추천을 많이 받은 기사는 네이버 자동 기사배열 영역에 추천 요소로 활용됩니다.

레이어 닫기


 


세계일보 언론사홈 바로가기


 

언론사 구독 후 기사보기



구독 없이 계속 보기",https://n.news.naver.com/mnews/article/022/0003763024
20221210,022,직장인은 힙한 어촌 근무… 주민들은 힘찬 손님맞이 [S 스토리],"‘워케이션’ 지역회생 대안 부상직장인 ‘꿈의 근무환경’ 中企로 확산직원들 기 살리고 지역 경제에 도움# 제주 구좌읍 세화마을 가보니휴양림서 새벽 요가, 퇴근 후 스노클링바닷가 원격근무 창의력·업무 효율 ‘업’마을 숙박집·식당 손님 늘어 ‘싱글벙글’공유오피스 짓고 해녀투어·트레킹 운영# 중소기업에겐 그림의 떡?서울시 산하 SBA 직장인들 체험 지원3박4일 프로그램 올해 2000여명 참여“이직 방지 효과” 인사담당 63% 긍정적원격근무 인프라·근무 유연화 등 숙제# 인구소멸지역 살릴 ‘관계인구’단순 관광객과 달리 주민친화적 체류“재방문율 높다” 인프라 구축 마을 늘어활성화 땐 4조5000억원 생산효과 기대“마을 특색 콘텐츠 개발·지원 강화 필요”고요하고 울창한 제주 송당 비자림 인근 잔디밭에 마치 광고의 한 장면처럼 매트를 깔고 강사의 지시에 따라 다리 위로 길게 팔을 뻗어 스트레칭을 한다. 눈을 감고 명상을 하니, 새벽이슬을 머금은 나무와 풀 내음이 코끝을 간질인다.     아침 요가를 마친 뒤 어느덧 해가 눈높이 위로 떠오를 때쯤 구좌읍 세화리에 위치한 ‘질그랭이 거점센터’로 여유롭게 발길을 옮긴다. 창밖으로 눈앞에 탁 트인 제주 앞바다가 펼쳐진다. ‘디지털 노마드족’(디지털 장비를 갖추고 여러 곳을 돌아다니며 일하는 사람)을 위한 공유오피스인 이곳 테이블에 앉아 노트북을 켜고, 커피를 마시며 업무를 시작한다.     업무를 마친 뒤엔 물질하는 해녀들 옆에서 스노클링을 즐길 예정이다. 제주의 바다는 전신 수영복만 입으면 늦가을까지도 들어갈 만하다.     



  자연휴양림 속에서의 새벽 요가, 파도 소리가 들리는 바닷가의 사무실, 퇴근 후 해양 스포츠…. 기자가 직접 체험한 11월 제주의 어느 하루다.     직장인들이 꿈꿔온 이런 근무 환경은 더 이상 꿈이 아니다. 신종 코로나바이러스 감염증(코로나19) 여파와 정보통신기술(ICT) 발달의 영향, 직원의 복지 향상 요구 등이 맞물리며 일(Work)과 휴가(Vacation)를 결합한 ‘워케이션’이 새로운 트렌드로 떠오르고 있다.     아직은 초기 단계지만 정보기술(IT) 업계를 중심으로 워케이션 프로그램을 채택하는 기업이 늘고 있고, 기업 지원기관과 지방자치단체들이 지역균형 발전의 해법이 될 수 있다는 기대감 속에 워케이션 기업 유치에 적극적으로 나서고 있다.     실제로는 어떨까. 지난달 13∼16일 제주 구좌읍에서 워케이션을 직접 체험해보고 함께 온 중소기업 직장인들과 동행하며 이야기를 들어봤다.     



  ◆중소기업 다니는데 워케이션 갈 수 있나요     그동안 워케이션은 직원복지가 좋은 몇몇 대기업들의 전유물이라는 인식이 많았다. 회사 입장에선 워케이션 문화 자체도 낯설 뿐 아니라, 거점 오피스 혹은 숙박비 등 제공에 대한 경제적 부담도 크기 때문이다. 하지만 최근 들어 지자체 지원을 바탕으로 중소기업에서도 워케이션 문화가 확산하는 모습이다.     서울시 산하 서울산업진흥원(SBA)은 올해부터 서울 소재 중소기업 직원들을 대상으로 제주도, 포항, 남해 등에 위치한 ‘어촌체험휴양마을’로 3박4일 워케이션을 보내주는 지원 프로그램을 운영하고 있다. SBA와 지역별 협업기관에서 비용을 일부 부담하기 때문에 참여 기업은 1인당 4만∼10만원 정도의 참가비만 내면 된다. 이미 이 프로그램을 통해 총 2000명 이상이 제휴한 숙박시설, 공유오피스에서 워케이션을 체험했다.     



   제주 송당 비자림 인근 요가원에서 출근 전 아침요가 수업을 체험해보는 모습.    구좌읍 하도 어촌체험마을에서 만난 손효정(25)씨는 IT 분야 중소기업인 오내피플의 인사담당으로, 가족들과 함께 제주도로 워케이션을 왔다.     손씨는 “업무 시간에는 가족들만 관광을 하고 퇴근 후에는 함께 수상보트를 타러 가거나 월정리 해수욕장에 다녀오기도 했다”며 “아침에 숙소에서 공유오피스까지 해안가를 따라 자전거로 출근하는 것만으로도 설레고 즐겁다”고 말했다. SBA와 회사의 지원금을 빼고, 손씨 가족이 나흘 동안 쓴 사비는 항공권 제외 1인당 20만원 남짓이다.     손씨는 “슬랙(온라인 협업툴)과 게더타운(메타버스 애플리케이션)으로 화상미팅을 하는 등 회사와 실시간으로 소통했다”면서 “제주도에 있으면서도 화상면접 등 채용 업무, 팀블로그 콘텐츠 회의 등 평소와 다르지 않게 일정을 소화했고, 업무에도 전혀 지장이 없었다”고 말했다. 손씨 회사의 경우 워케이션이 업무 만족도를 높인다고 보고, 적극적으로 지원하는 분위기라고 한다.     워케이션에 대한 기업들의 호감도는 이미 상당하다. 지난해 한국관광공사가 국내 주요 기업 인사담당자 52명을 대상으로 실시한 설문조사에서 응답자 가운데 63.4%가 워케이션 제도에 대해 긍정적이라고 답했다. 새로운 환경에서 일함으로써 창의력이 개발되고 직무 만족도를 향상시켜 이직을 방지하는 효과를 준다는 것이다.  



  다만 아직 많은 기업이 비용 부담 문제와 정보 부족으로 워케이션에 선뜻 나서지는 못하고 있는 것으로 보인다.     SBA 관계자는 “대기업에 비해 재정 여건이 열악한 중소기업들은 독자적으로 워케이션을 운영할 여력도 없고 워케이션이 뭐냐고 물어보는 경우도 많았다”며 “이 워케이션 지원 프로그램을 통해 기업 간 복지 격차를 조금이라도 줄이고 중소기업 근로자들도 새로운 업무 방식을 경험하며 직장생활에 활력을 얻게끔 하고 싶었다”고 기획 취지를 설명했다.     ◆워케이션 유치한 지자체, 소비증가·고용창출 효과     워케이션이 지역경제 활성화에 정말 도움이 되는지도 궁금하다.     구좌읍 하도리 어촌체험마을에서 숙박집을 운영하는 전미림(57)씨는 “지금과 같은 비수기에는 원래 방이 15%밖에 차지 않았고, 코로나19로 더욱 어려워졌었다”며 “올해부터 워케이션 프로그램 덕택에 방이 거의 다 차고 있다”고 말했다.  



   서울에 직장을 둔 손효정씨가 해변이 보이는 제구 구좌읍 세화리의 질그랭이센터에서 업무를 처리하고 있다.    세화리에서 식당을 하고 있는 김은지(40)씨는 “최근 들어 매출이 1.5∼2배로 늘어난 것 같다”며 “과거와 달리 점심을 먹으러 오는 직장인분들이 많아진 게 보인다. 혼자 오시는 분들을 위해 ‘혼밥석’을 만들었을 정도”라고 말했다.     구좌읍 마을들은 자체적으로 워케이션 인프라 마련을 위해 잰걸음 중이다. 세화마을 주민들은 워케이션 공간(질그랭이센터)을 만들고, 해녀투어(해녀 탈의장, 해녀 해물라면 등 체험), 다랑쉬오름 트레킹 등 각종 투어·체험 프로그램도 운영하고 있다. 기업과 지자체를 연결시켜주는 스타트업인 ‘스트리밍하우스’와도 제휴, 매주 끊임없이 기업들이 이곳을 찾게 만들었다. 세화마을협동조합은 워케이션 기간 한 사람당 약 60만원 정도 소비하고 떠나는 것으로 추산했다.  



  세화마을 질그랭이센터는 세화항 앞에 있는 오래된 마을회관을 리모델링해 세운 공간으로 1층에는 마을회관 겸 여행자센터, 2층은 베이커리 카페와 세화의 특산품인 당근과 함께 각종 소품을 파는 가게, 3층은 공유오피스, 4층은 숙박시설로 구성됐다. 공유오피스에는 프린터, 모니터 등 각종 사무도구와 세미나, 회의 등을 할 수 있는 세미나룸이 갖춰져 있고, 덤으로 창밖의 다랑쉬오름과 세화해변을 감상할 수 있다.     



   퇴근 후 외지 직장인이 제주 구좌읍 하도해수욕장에서 해양 스포츠를 즐기고 있다.    이곳을 찾은 직장인 김모(30)씨는 “업무하기도 너무 편하고, 카페나 숙박비 등 가격도 생각보다 저렴해서 좋았다”며 “내년에 또 방문하고 싶다”고 말했다.     공유오피스를 관리하는 양군모 세화마을 피디(PD)는 “이 센터는 지역민과 외지인들이 함께 모이는 사랑방 같은 공간인데, 방문자들은 일반 사무실과 달리 정겨운 느낌이 난다며 좋아한다”고 말했다.     구좌읍 김녕리도 워케이션을 위한 공유오피스를 준비 중이다. 김녕마을 임시찬 이장은 “(워케이션을 온 사람들은) 일반 관광객들과 달리 우리 마을에서 숙식을 하면서 지역에 융화되고, 우리 지역의 맛도 알게 되지 않나”라면서 “재방문율도 높을 것이고 서울 올라가서도 우리 마을과 농수산물을 알릴 테니, 이렇게 좋은 손님이 어디 또 있겠느냐”며 웃었다.     ◆정주인구보단 관계인구 늘려 지역 활성화해야     이처럼 워케이션이나 ‘한 달 살기’ 등으로 지역에 머물다 가는 사람들은 ‘관계인구’라고 불린다. 단순 관광객과 달리 상당 기간 지역에 머무르는데, 최근 일본에서도 이들 관계인구가 지역소멸의 해결책으로 주목받고 있다. 일본 언론인인 다나카 데루미는 2017년 소멸 위기에 놓인 지역을 살리려면 이주를 통한 ‘정주인구’를 늘리는 방식에서 벗어나, 관계인구를 늘리는 데 주력해야 한다고 주장했다.     기자가 방문한 구좌읍은 애월이나 중문처럼 유명 관광지가 아님에도 워케이션이 본격화한 올 상반기 방문객이 지난해에 비해 약 56% 증가했다.     



   제주 구좌읍 세화리 질그랭이센터. 1층에는 여행자센터, 2층에는 카페 및 기념품 가게, 3층에는 공유오피스, 4층에는 숙소가 있다.    한국관광공사는 워케이션 활성화를 통해 약 3500억원의 직접지출 효과가 발생할 것으로 추산한다. 워케이션의 생산유발 효과는 약 4조5000억원, 고용유발 효과는 2만7000명으로 지역경제 활성화에 크게 기여한다는 분석이다.     다만 워케이션 보편화까지는 아직 갈 길이 멀다. 먼저 기업의 인식 변화와 제도적 지원이 뒤따라야 한다.     지난해 박효연 한국관광대 관광경영학과 교수와 황지영 경희대 일반대학원 관광학 박사가 국내 기업 임원 및 인사총무담당자 89명을 대상으로 실시한 설문조사에 따르면 워케이션 도입을 위한 선결과제로 △대표 및 임원진의 의지 △원격근무 가능 인프라 구축 △유연근무제 등 일반적 인식 확산이 꼽혔다. 자금과 인력이 부족한 중소기업의 경우 비용 등 별도의 지원 프로그램이 필요하다는 의견도 나왔다.     지자체와 지역민의 노력도 필요하다. 특히 제주도처럼 주요 관광지가 아닌 대부분 지역은 콘텐츠나 인프라가 부족하다. 지자체의 워케이션 사업에 대해 조언해주고 전북, 강원 평창 등에서 워케이션 프로그램을 기획하고 있는 스트리밍하우스 신동훈 대표는 “편리한 교통이나 깔끔한 숙소, 접근성이 좋은 공유오피스 등 인프라 준비가 잘되어 있어야 하고, 이를 유기적으로 연결시켜줄 수 있어야 한다”며 “이런 준비가 됐다면, 워케이션을 오고 싶게 만드는 지역의 통일된 콘셉트와 콘텐츠를 개발해야 한다”고 말했다.




제주=구현모 기자 lil@segye.com




기자 프로필




















구현모 기자






구독


구독중





구독자 0




응원수
0







구현모 기자입니다.




[내일 날씨] 중부지방 눈소식… 전국 영하권 날씨


화물연대 16일간 파업 그 후… 승자는 없었다 [뉴스+]







세계일보의 구독 많은 기자


세계일보 기사를 더 보고 싶다면?
								구독

세계일보 언론사 구독되었습니다. 메인 뉴스판에서 세계일보 주요뉴스를  볼 수 있습니다.
보러가기


세계일보 언론사 구독 해지되었습니다.


닫기








Copyright ⓒ 세계일보. All rights reserved. 무단 전재 및 재배포 금지.

 
이 기사는 언론사에서 사회 섹션으로 분류했습니다.

기사 섹션 분류 안내
기사의 섹션 정보는 해당 언론사의 분류를 따르고 있습니다. 언론사는 개별 기사를 2개 이상 섹션으로 중복 분류할 수 있습니다.
닫기











구독
메인에서 바로 보는 언론사 편집 뉴스 지금 바로 구독해보세요!


구독중
메인에서 바로 보는 언론사 편집 뉴스 지금 바로 확인해보세요! 보러가기












			주요뉴스해당 언론사에서 선정하며 언론사 페이지(아웃링크)로 이동해 볼 수 있습니다.


전여친 계좌에 1원씩 120차례 송금한 30대 '집유'
""MBC 기자 예의 없다더니… 슬리퍼 신고 다리 꼰 김건희"" 외교 결례 지적, 알고 보니
""아직도 전화번호 못 지워"" 은지원, 세상 떠난 父 그리움에 눈물도
'황희찬 브라톱' 따라한 유병재에 축구협회가 남긴 댓글
'환자 마취 뒤 성관계' 의사, 성범죄는 무죄








이 기사를 추천합니다


기사 추천은 24시간 내 50회까지 참여할 수 있습니다.
닫기






쏠쏠정보
0




흥미진진
0




공감백배
0




분석탁월
0




후속강추
0


 




 












모두에게 보여주고 싶은 기사라면?beta

이 기사를 추천합니다 버튼을 눌러주세요.  집계 기간 동안 추천을 많이 받은 기사는 네이버 자동 기사배열 영역에 추천 요소로 활용됩니다.

레이어 닫기


 


세계일보 언론사홈 바로가기


 

언론사 구독 후 기사보기



구독 없이 계속 보기",https://n.news.naver.com/mnews/article/022/0003763023
20221210,022,카타르 커피가 ‘Dreamers’인 이유 [박영순의 커피 언어],"한 잔의 커피를 마실 때 향과 맛을 구체적인 속성으로 비유하는 것은 어떤 의미가 있는 것일까? 향긋하고 고소하면, ‘좋네’ 하며 읊조리는 것으로 충분하지 않을까? 커피는 기호음료이므로 제 입맛에 맞으면 그만인 것인데, 굳이 장미 향이 난다거나 멜론 맛이 보인다거나 잘 익은 패션프루트 같다는 둥 온갖 먹을거리를 들먹이며 묘사하는 것은 괜한 ‘지적유희’가 아니냐는 시선이 있다.  



   유네스코 세계문화유산에 등재된 카타르 커피가 BTS 정국이 부른 월드컵 주제가 덕분에 커피애호가들 사이에서 ‘꿈꾸게 하는 커피’라는 별칭을 얻게 됐다.    커피애호가들이 커피의 향미적 면모를 커피가 아닌 다른 사물의 이름으로 빗대어 표현하는 행동에는 그 커피를 기억하려는 간절함이 배어 있다. 커피의 향미는 보이지 않는다. 커피를 머금으면 향은 금세 휘발되고, 맛도 곧 감각에서 멀어져 기억 속으로 사라진다. 그러나 여운이 남아 생각을 맴돈다.  에티오피아 담비 우도 내추럴 커피를 마신 뒤에는 딸기잼과 마카다미아, 초콜릿, 커밀라 꽃이 머릿속에서 이미지로 떠오른다. 케냐 키암부 틴강가 워시드 커피를 삼킨 뒤에는 자몽, 재스민, 바질, 보르도 와인이 그려진다.  커피를 마신 뒤 특정한 속성들을 마음의 눈을 통해 형상화하는 것에는 노력이 필요하다. 그러나 우리는 모두 이런 능력을 타고난다. 커피를 마시고 내 몸에서 일어나는 반응에 귀 기울이면 된다. 향미를 이미지화해서 감상하고 행복해하는 것은 언어만큼 인간에게 본질적이다. 우리는 언어 덕분에 보이지 않는 것을 추상하며 지혜를 얻는다. 커피의 향미도 속성 단어를 언급함으로써 실체화해야 비로소 사유할 수 있다. 고로, 좋은 커피는 우리를 사유로 이끈다.  커피 맛을 묘사하는 자리에서 보면, “10년 전에 마셨던 에티오피아 하라 커피가 최고였어. 이건 그 커피보다 못해”라며 과거 속에서 빠져나오지 못하는 이들이 적지 않다. 커피는 해마다 철이 되면 새롭게 나온다. 지나간 커피는 흘러간 인연처럼 놔주어야 한다. 그래야 새로운 커피를 맞이할 수 있다.  여러 속성으로 커피를 기억했다면, 이제 그 커피에 이름을 붙여주어야 한다. 사물에 이름을 붙이면 정서가 생긴다. 한 잔의 커피를 마시고 내 몸과 마음에 감성이 깃들게 하는 것은 그야말로 커피애호가 반열에 오르는 마지막 관문이다.  바람에 떠는 한 떨기 몸부림이 이름을 불러주어야 내게로 와 꽃이 되듯, 한 잔의 커피도 이름을 소망한다. 유네스코 세계문화유산에도 등재된 아랍커피, 그중에서도 ‘카타르 커피’는 앞으로 나에겐 ‘드리머스(Dreamers)’로 불릴 것이다. 1000년 전 흙먼지 날리는 뙤약볕 아래 소중하게 열매 맺은 커피 생두를 그 자리에서 볶고 갈아서 끓여낸 커피가 베두인들로 하여금 사막을 일궈내게 했다. 레몬과 같은 짜릿한 산미와 함께 카르다몸과 정향 같은 향신료의 따스함이 사막에서의 낮과 밤을 지켜주었다. 사막에서의 월드컵…. 방탄소년단(BTS) 정국이 부른 ‘드리머스’는 카타르 커피를 부르는 또 하나의 이름이 될 만하다.




박영순 커피인문학 칼럼니스트




Copyright ⓒ 세계일보. All rights reserved. 무단 전재 및 재배포 금지.

 
이 기사는 언론사에서 생활 섹션으로 분류했습니다.

기사 섹션 분류 안내
기사의 섹션 정보는 해당 언론사의 분류를 따르고 있습니다. 언론사는 개별 기사를 2개 이상 섹션으로 중복 분류할 수 있습니다.
닫기











구독
메인에서 바로 보는 언론사 편집 뉴스 지금 바로 구독해보세요!


구독중
메인에서 바로 보는 언론사 편집 뉴스 지금 바로 확인해보세요! 보러가기












			주요뉴스해당 언론사에서 선정하며 언론사 페이지(아웃링크)로 이동해 볼 수 있습니다.


전여친 계좌에 1원씩 120차례 송금한 30대 '집유'
""MBC 기자 예의 없다더니… 슬리퍼 신고 다리 꼰 김건희"" 외교 결례 지적, 알고 보니
""아직도 전화번호 못 지워"" 은지원, 세상 떠난 父 그리움에 눈물도
'황희찬 브라톱' 따라한 유병재에 축구협회가 남긴 댓글
'환자 마취 뒤 성관계' 의사, 성범죄는 무죄








이 기사를 추천합니다


기사 추천은 24시간 내 50회까지 참여할 수 있습니다.
닫기






쏠쏠정보
0




흥미진진
0




공감백배
0




분석탁월
0




후속강추
0


 




 












모두에게 보여주고 싶은 기사라면?beta

이 기사를 추천합니다 버튼을 눌러주세요.  집계 기간 동안 추천을 많이 받은 기사는 네이버 자동 기사배열 영역에 추천 요소로 활용됩니다.

레이어 닫기


 


세계일보 언론사홈 바로가기


 

언론사 구독 후 기사보기



구독 없이 계속 보기",https://n.news.naver.com/mnews/article/022/0003763022
